# Units: Time [fs], Current Jm [1/fs*Angstrom^2]time,fid_signal,fid_exp_fit
15.002,-0.0016634558446848332,0.0020303468596432044
15.012,-0.0016543490971238461,0.002018592250524746
15.022,-0.0016399927172999686,0.0020069111853738926
15.032,-0.0016204151252992114,0.0019953032040549486
15.042,-0.001595664939012224,0.001983767849311119
15.052,-0.0015658097167126467,0.0019723046667464716
15.062,-0.0015309367379698795,0.0019609132048080654
15.072,-0.001491152920230582,0.0019495930147681334
15.082,-0.0014465836794032648,0.0019383436507064333
15.092,-0.0013973733194054872,0.0019271646694926693
15.102,-0.00134368437336665,0.0019160556307690289
15.112,-0.0012856962633294282,0.0019050160969328541
15.122,-0.001223605588321836,0.0018940456331193946
15.132,-0.0011576251766417841,0.00188314380718467
15.142,-0.001087982664132022,0.0018723101896884647
15.152,-0.001014920065347517,0.0018615443538773915
15.162,-0.0009386926882610111,0.0018508458756681
15.172,-0.0008595679991139241,0.001840214333630562
15.182,-0.0007778245182906152,0.001829649308971463
15.192,-0.0006937506173376461,0.001819150385517725
15.202,-0.0006076432803403601,0.00180871714970009
15.212,-0.0005198068535257974,0.0017983491905368511
15.222,-0.0004305516280853517,0.0017880460996176416
15.232,-0.00034019265955408996,0.0017778074710873663
15.242,-0.0002490482485126923,0.0017676329016302029
15.252,-0.00015743851169693553,0.0017575219904537203
15.262,-6.568431785641215e-05,0.0017474743392730794
15.272,2.589454284352496e-05,0.0017374895522953647
15.282,0.00011698044402060157,0.0017275672362039693
15.292,0.00020725916040287927,0.001717707000143126
15.302,0.000296421740636284,0.0017079084557024855
15.312,0.00038416531858928446,0.0016981712169018422
15.322,0.0004701943237855039,0.0016884949001759048
15.332,0.0005542222053368215,0.001678879124359208
15.342,0.0006359721268064768,0.0016693235106710863
15.352,0.0007151780398858133,0.0016598276827007577
15.362,0.0007915863484027188,0.0016503912663924877
15.372,0.0008649562357499452,0.001641013890030871
15.382,0.0009350605624683897,0.0016316951842261693
15.392,0.00100168741356396,0.0016224347818997815
15.402,0.0010646401116255217,0.001613232318269762
15.412,0.0011237379619060779,0.0016040874308364704
15.422,0.0011788172846184941,0.0015949997593682815
15.432,0.0012297315500340105,0.0015859689458874006
15.442,0.0012763519237672467,0.0015769946346557509
15.452,0.001318567362653223,0.0015680764721609796
15.462,0.0013562851123240893,0.0015592141071025115
15.472,0.0013894305991763055,0.001550407190377731
15.482,0.0014179477899576216,0.00154165537506821
15.492,0.001441799046493338,0.0015329583164260605
15.502,0.0014609643841878444,0.0015243156718603465
15.512,0.0014754421581452454,0.0015157271009235813
15.522,0.0014852485830445165,0.0015071922652983313
15.532,0.0014904165813906176,0.0014987108287838826
15.542,0.0014909960088002787,0.001490282457282989
15.552,0.00148705346197975,0.0014819068187887298
15.562,0.0014786707500317907,0.0014735835833714112
15.572,0.0014659446866581718,0.0014653124231655892
15.582,0.001448986600444953,0.0014570930123571355
15.592,0.0014279213150106642,0.0014489250271704198
15.602,0.0014028862399255452,0.0014408081458555486
15.612,0.001374030545520311,0.0014327420486756842
15.622,0.0013415146100555972,0.0014247264178944635
15.632,0.0013055085831257232,0.0014167609377634743
15.642,0.001266191739086759,0.001408845294509812
15.652,0.0012237513851260252,0.0014009791763237346
15.662,0.0011783820097019911,0.0013931622733463613
15.672,0.001130284138704227,0.0013853942776574843
15.682,0.001079663315916233,0.0013776748832634309
15.692,0.001026729392736159,0.0013700037860850038
15.702,0.000971695040366538,0.0013623806839455188
15.712,0.0009147754034186079,0.0013548052765588832
15.722,0.0008561866377047338,0.0013472772655177853
15.732,0.0007961452702513337,0.0013397963542819222
15.742,0.0007348671034123977,0.001332362248166333
15.752,0.0006725664153105995,0.0013249746543297833
15.762,0.0006094555704759805,0.0013176332817632324
15.772,0.0005457433980340443,0.0013103378412783633
15.782,0.0004816350782079093,0.0013030880454962042
15.792,0.0004173313963375462,0.0012958836088357926
15.802,0.00035302780074005803,0.0012887242475029424
15.812,0.0002889139576667199,0.0012816096794790474
15.822,0.00022517328570203075,0.001274539624509989
15.832,0.00016198267363157863,0.001267513804095079
15.842,9.95114560724005e-05,0.001260531941476112
15.852,3.7921321013152954e-05,0.001253593761626436
15.862,-2.2633712644108826e-05,0.0012466989912401428
15.872,-8.200788615387631e-05,0.0012398473587212832
15.882,-0.00014006384819540606,0.001233038594173186
15.892,-0.0001966729401741882,0.0012262724293878088
15.902,-0.00025171504347897033,0.0012195485978351893
15.912,-0.0003050787274445465,0.001212866834652929
15.922,-0.0003566614768188666,0.0012062268766357823
15.932,-0.00040636921497360273,0.0011996284622252627
15.942,-0.0004541166064964469,0.001193071331499361
15.952,-0.000499827001892869,0.0011865552261622907
15.962,-0.0005434318396574672,0.0011800798895343278
15.972,-0.0005848705412082653,0.0011736450665416854
15.982,-0.0006240909653673893,0.0011672505037064794
15.992,-0.0006610482201903926,0.0011608959491367313
16.002,-0.0006957046300116607,0.0011545811525164576
16.012,-0.0007280301348696048,0.0011483058650957967
16.022,-0.0007580010141640119,0.0011420698396812246
16.032,-0.000785600085499526,0.0011358728306258008
16.042,-0.0008108162289384691,0.0011297145938195118
16.052,-0.0008336439648709382,0.001123594886679639
16.062,-0.0008540832721726372,0.0011175134681412052
16.072,-0.0008721392121600004,0.0011114700986474889
16.082,-0.0008878214239240554,0.001105464540140574
16.092,-0.0009011439373196465,0.0010994965560519859
16.102,-0.0009121246949955146,0.001093565911293359
16.112,-0.0009207853227961865,0.0010876723722471901
16.122,-0.0009271508159494915,0.0010818157067576228
16.132,-0.0009312492876762635,0.0010759956841213123
16.142,-0.0009331116914849526,0.0010702120750783342
16.152,-0.0009327712873662556,0.0010644646518031499
16.162,-0.0009302639588878876,0.0010587531878956404
16.172,-0.0009256277228042995,0.001053077458372177
16.182,-0.0009189021725373095,0.0010474372396567725
16.192,-0.0009101288230109295,0.0010418323095722595
16.202,-0.0008993513400731895,0.0010362624473315492
16.212,-0.0008866144131349954,0.001030727433528937
16.222,-0.0008719639323967264,0.0010252270501314386
16.232,-0.0008554478953668362,0.0010197610804702337
16.242,-0.000837115479008453,0.001014329309232096
16.252,-0.0008170167971142879,0.001008931522450946
16.262,-0.0007952037448461008,0.001003567507499394
16.272,-0.0007717297749403327,0.0009982370530803835
16.282,-0.0007466492049797196,0.0009929399492188545
16.292,-0.0007200183875354364,0.0009876759872534829
16.302,-0.0006918953366201324,0.000982444959828457
16.312,-0.0006623391743539551,0.0009772466608853037
16.322,-0.0006314114384290208,0.0009720808856547832
16.332,-0.0005991755606555793,0.0009669474306488098
16.342,-0.000565696569980586,0.0009618460936524497
16.352,-0.0005310418999367898,0.0009567766737159413
16.362,-0.0004952813010636814,0.0009517389711467934
16.372,-0.0004584868176618472,0.000946732787501906
16.382,-0.00042073296147873186,0.0009417579255797642
16.392,-0.0003820966798821566,0.000936814189412665
16.402,-0.0003426577816543083,0.0009319013842589943
16.412,-0.00030249866336400484,0.0009270193165955651
16.422,-0.0002617043025167773,0.0009221677941099824
16.432,-0.00022036285034262578,0.0009173466256930847
16.442,-0.0001785647812735443,0.0009125556214313908
16.452,-0.00013640338480728475,0.0009077945925996468
16.462,-9.397495463698126e-05,0.0009030633516533734
16.472,-5.1378089605568145e-05,0.00089836171222148
16.482,-8.713984032916838e-06,0.0008936894890989329
16.492,3.391387058345897e-05,0.0008890464982394473
16.502,7.639973254720978e-05,0.0008844325567482497
16.512,0.00011863596257925853,0.0008798474828748615
16.522,0.0001605129285954933,0.0008752910960059508
16.532,0.00020191969691020508,0.0008707632166582073
16.542,0.00024274438764342482,0.0008662636664712805
16.552,0.0002828737680857436,0.0008617922682007511
16.562,0.00032219430586481035,0.0008573488457111441
16.572,0.00036059266369491215,0.0008529332239690006
16.582,0.0003979554805372869,0.0008485452290359716
16.592,0.0004341699219104397,0.0008441846880619774
16.602,0.00046912490572064043,0.0008398514292783881
16.612,0.0005027107067976154,0.0008355452819912673
16.622,0.0005348195698862705,0.0008312660765746391
16.632,0.0005653468516298645,0.0008270136444638126
16.642,0.0005941907795423237,0.0008227878181487438
16.652,0.0006212532856961286,0.0008185884311674258
16.662,0.0006464406646521818,0.0008144153180993451
16.672,0.0006696638143766267,0.0008102683145589546
16.682,0.0006908389227356389,0.0008061472571892073
16.692,0.0007098880175398529,0.0008020519836551128
16.702,0.0007267393539160979,0.0007979823326373503
16.712,0.0007413277540723603,0.0007939381438259103
16.722,0.0007535953150518597,0.0007899192579137767
16.732,0.0007634919478541971,0.0007859255165906597
16.742,0.0007709752031797135,0.0007819567625367494
16.752,0.0007760109375122199,0.0007780128394165295
16.762,0.0007785742197837634,0.0007740935918726082
16.772,0.0007786486026925797,0.0007701988655196089
16.782,0.0007762268194428092,0.0007663285069380791
16.792,0.0007713114168447585,0.0007624823636684547
16.802,0.0007639141576010949,0.0007586602842050509
16.812,0.0007540564297317277,0.0007548621179900915
16.822,0.0007417695923385515,0.0007510877154077852
16.832,0.0007270947718584032,0.0007473369277784228
16.842,0.000710082341894,0.0007436096073525337
16.852,0.0006907923650131728,0.0007399056073050464
16.862,0.0006692946225689716,0.0007362247817295275
16.872,0.0006456677027256774,0.0007325669856324144
16.882,0.000619999119870438,0.0007289320749273165
16.892,0.0005923851465222838,0.0007253199064293349
16.902,0.0005629300882711016,0.0007217303378494195
16.912,0.0005317461586502478,0.0007181632277887707
16.922,0.000498952771586632,0.0007146184357332616
16.932,0.0004646760016784082,0.000711095822047911
16.942,0.0004290485534679444,0.0007075952479713751
16.952,0.00039220860800337856,0.0007041165756104876
16.962,0.00035429918322259576,0.0007006596679348263
16.972,0.000315467810134543,0.000697224388771311
16.982,0.0002758659169637882,0.000693810602798847
16.992,0.00023564772966678935,0.0006904181755429868
17.002,0.00019496962249557353,0.00068704697337064
17.012,0.00015398985683922318,0.0006836968634848026
17.022,0.00011286712970953584,0.0006803677139193327
17.032,7.17603905727447e-05,0.0006770593935337452
17.042,3.082814968155455e-05,0.0006737717720080509
17.052,-9.773088027075701e-06,0.0006705047198376248
17.062,-4.988866173565335e-05,0.0006672581083280955
17.072,-8.93665729777897e-05,0.0006640318095902865
17.082,-0.00012805877015604724,0.0006608256965351696
17.092,-0.0001658213781459236,0.0006576396428688669
17.102,-0.00020251530176833795,0.0006544735230876676
17.112,-0.00023800715644242378,0.0006513272124730918
17.122,-0.00027216955503139764,0.0006482005870869709
17.132,-0.00030488183620540446,0.000645093523766571
17.142,-0.0003360305925619743,0.0006420059001197392
17.152,-0.00036551010171286815,0.0006389375945200796
17.162,-0.000393222641875537,0.000635888486102168
17.172,-0.0004190788871068629,0.0006328584547567843
17.182,-0.0004429987522944607,0.0006298473811261886
17.192,-0.0004649109304205236,0.0006268551465994109
17.202,-0.0004847533722585864,0.0006238816333075869
17.212,-0.0005024738626486577,0.0006209267241193111
17.222,-0.000518029834885527,0.0006179903026360198
17.232,-0.0005313882161850403,0.0006150722531874158
17.242,-0.0005425257532890226,0.0006121724608268971
17.252,-0.0005514294278432039,0.0006092908113270461
17.262,-0.0005580953251672292,0.0006064271911751127
17.272,-0.0005625292521740405,0.0006035814875685593
17.282,-0.0005647468076957017,0.0006007535884106038
17.292,-0.0005647721544657321,0.0005979433823058121
17.302,-0.0005626390089746045,0.0005951507585557081
17.312,-0.0005583896673464472,0.0005923756071544099
17.322,-0.0005520741405878999,0.0005896178187843023
17.332,-0.0005437511127298586,0.0005868772848117243
17.342,-0.0005334864960192403,0.0005841538972826961
17.352,-0.00052135333968544,0.0005814475489186605
17.362,-0.0005074313520378448,0.0005787581331122634
17.372,-0.0004918062500184994,0.0005760855439231472
17.382,-0.00047456983812331813,0.0005734296760737845
17.392,-0.0004558185751474989,0.0005707904249453275
17.402,-0.0004356534876256606,0.0005681676865734852
17.412,-0.0004141799374287487,0.0005655613576444338
17.422,-0.0003915066376933928,0.0005629713354907398
17.432,-0.00036774498322078586,0.0005603975180873228
17.442,-0.00034300861125723494,0.0005578398040474296
17.452,-0.00031741308873897906,0.0005552980926186481
17.462,-0.00029107507510236515,0.0005527722836789325
17.472,-0.0002641116942879202,0.0005502622777326597
17.482,-0.00023664011056385732,0.0005477679759067148
17.492,-0.00020877694107110042,0.0005452892799465898
17.502,-0.0001806376007464195,0.0005428260922125197
17.512,-0.00015233588069958894,0.0005403783156756299
17.522,-0.00012398380484338734,0.0005379458539141207
17.532,-9.569044379079106e-05,0.0005355286111094625
17.542,-6.756180369278599e-05,0.0005331264920426266
17.552,-3.9700679020194214e-05,0.0005307394020903323
17.562,-1.2205666825511469e-05,0.0005283672472213181
17.572,1.4828834468586435e-05,0.0005260099339926413
17.582,4.131287602289302e-05,0.0005236673695459921
17.592,6.71615060033079e-05,0.0005213394616040417
17.602,9.229520936145627e-05,0.0005190261184668016
17.612,0.00011663970894170755,0.0005167272490080166
17.622,0.00014012631520599983,0.0005144427626715699
17.632,0.00016269258351712213,0.0005121725694679204
17.642,0.0001842816530090904,0.0005099165799705581
17.652,0.0002048429494684347,0.0005076747053124738
17.662,0.000224332063201312,0.0005054468571826711
17.672,0.00024271044852004127,0.0005032329478226751
17.682,0.0002599461933438606,0.0005010328900230852
17.692,0.0002760132952357369,0.0004988465971201327
17.702,0.0002908916057865132,0.0004966739829922719
17.712,0.0003045671520039552,0.000494514962056786
17.722,0.0003170316362264053,0.0004923694492664134
17.732,0.0003282823160675973,0.0004902373601060029
17.742,0.0003383219513388813,0.000488118610589178
17.752,0.00034715830240971736,0.0004860131172550352
17.762,0.0003548038621266354,0.00048392079716485007
17.772,0.00036127608205147944,0.00048184156789881586
17.782,0.00036659666637936544,0.0004797753475527917
17.792,0.0003707907300257605,0.0004777220547350806
17.802,0.0003738875406410645,0.0004756816085632211
17.812,0.00037591967356548236,0.0004736539286608001
17.822,0.00037692210051337125,0.00047163893515429024
17.832,0.000376932781313537,0.00046963654866989923
17.842,0.00037599185486550884,0.00046764669033044754
17.852,0.0003741409842985457,0.00046566928175225644
17.862,0.00037142353315571956,0.0004637042450420674
17.872,0.0003678839120724594,0.00046175150279396346
17.882,0.0003635673134746882,0.00045981097808633144
17.892,0.000358519262984574,0.0004578825944788242
17.902,0.0003527854520999799,0.0004559662760093509
17.912,0.00034641164560182057,0.0004540619471910875
17.922,0.0003394426277283452,0.00045216953300949964
17.932,0.00033192267073552583,0.00045028895891939107
17.942,0.00032389546874835853,0.00044842015084196364
17.952,0.0003154029084047892,0.0004465630351619027
17.962,0.00030648574524915487,0.0004447175387244757
17.972,0.00029718338932794853,0.0004428835888326487
17.982,0.0002875331288107352,0.0004410611132442269
17.992,0.0002775705580488659,0.0004392500401690043
18.002,0.00026732945795431755,0.00043745029826594003
18.012,0.00025684139941232207,0.00043566181664034405
18.022,0.00024613590543594565,0.0004338845248410885
18.032,0.00023524037778409018,0.0004321183528578286
18.042,0.00022418013537747273,0.0004303632311182477
18.052,0.00021297823706319027,0.00042861909048531784
18.062,0.00020165553560218881,0.0004268858622545693
18.072,0.00019023094216549135,0.00042516347815139445
18.082,0.00017872124227683687,0.0004234518703283494
18.092,0.00016714138642611942,0.0004217509713624874
18.102,0.00015550425123047297,0.00042006071425269837
18.112,0.00014382091401749644,0.00041838103241707413
18.122,0.00013210090884132987,0.00041671185969028115
18.132,0.00012035206466039737,0.000415053130320958
18.142,0.00010858083648893481,0.00041340477896912345
18.152,9.679235190726028e-05,0.00041176674070360163
18.162,8.499045134182273e-05,0.0004101389509994672
18.172,7.31781174185164e-05,0.00040852134573550025
18.182,6.135736763562126e-05,0.00040691386119166373
18.192,4.952945415007672e-05,0.00040531643404659025
18.202,3.7695255733203884e-05,0.0004037290013750905
18.212,2.5855202963167603e-05,0.0004021515006456733
18.222,1.4009365708905525e-05,0.00040058386971808134
18.232,2.157784237028138e-06,0.00039902604684084595
18.242,-9.699087746419737e-06,0.00039747797064885104
18.252,-2.156080179259855e-05,0.00039593958016092147
18.262,-3.34264703541738e-05,0.00039441081477741246
18.272,-4.5294323765746076e-05,0.0003928916142778326
18.282,-5.716226970007936e-05,0.0003913819188184614
18.292,-6.902686217426823e-05,0.0003898816689300011
18.302,-8.088384082405341e-05,0.00038839080551522815
18.312,-9.272788546609869e-05,0.00038690926984666656
18.322,-0.00010455198210583377,0.00038543700356427656
18.332,-0.00011634820772822585,0.00038397394867315253
18.342,-0.00012810679731631254,0.00038252004754124185
18.352,-0.0001398164805680231,0.0003810752428970714
18.362,-0.00015146460778593069,0.00037963947782749467
18.372,-0.00016303645168060728,0.0003782126957754469
18.382,-0.00017451584145076885,0.0003767948405377196
18.392,-0.00018588483155199242,0.0003753858562627459
18.402,-0.000197123543792984,0.0003739856874483989
18.412,-0.00020821081109815255,0.0003725942789398083
18.422,-0.00021912360136074407,0.0003712115759271844
18.432,-0.00022983707258267063,0.00036983752394366274
18.442,-0.00024032524895422816,0.00036847206886315477
18.452,-0.0002505607440623797,0.0003671151568982184
18.462,-0.00026051458216953723,0.00036576673459793956
18.472,-0.00027015685096253776,0.0003644267488458235
18.482,-0.0002794567073165653,0.00036309514685770603
18.492,-0.0002883823401839058,0.00036177187617967145
18.502,-0.0002969013708366114,0.0003604568846859889
18.512,-0.00030498097505071085,0.0003591501205770564
18.522,-0.0003125880666347723,0.0003578515323773632
18.532,-0.0003196894275026318,0.0003565610689334589
18.542,-0.00032625203166918016,0.0003552786794119414
18.552,-0.0003322432965521386,0.0003540043132974533
18.562,-0.00033763122570133606,0.00035273792039069063
18.572,-0.00034238456930170354,0.00035147945080642824
18.582,-0.000346472962752273,0.00035022885497155184
18.592,-0.00034986746793508544,0.000348986083623108
18.602,-0.0003525406452060329,0.0003477510878063609
18.612,-0.0003544664328446182,0.0003465238188728665
18.622,-0.00035562058654943756,0.0003453042284785535
18.632,-0.0003559809223457829,0.00034409226858182193
18.642,-0.00035552741553703025,0.00034288789144164863
18.652,-0.00035424223266288055,0.0003416910496157064
18.662,-0.0003521098829977789,0.0003405016959584983
18.672,-0.0003491175747252652,0.0003393197836194948
18.682,-0.0003452551369163375,0.00033814526604129537
18.692,-0.00034051475818666686,0.0003369780969577881
18.702,-0.00033489175250170215,0.0003358182303923312
18.712,-0.00032838438568275134,0.00033466562065594086
18.722,-0.0003209932349407115,0.0003335202223454902
18.732,-0.0003127222870736267,0.000332381990341923
18.742,-0.00030357842854456077,0.0003312508798084743
18.752,-0.000293571031794025,0.000330126846188906
18.762,-0.00028271260036005113,0.0003290098452057498
18.772,-0.0002710185405269053,0.0003278998328585655
18.782,-0.0002585070329349445,0.000326796765422205
18.792,-0.0002451988649960036,0.0003257005994450921
18.802,-0.00023111767237309977,0.0003246112917475101
18.812,-0.00021628949989524975,0.0003235287994198998
18.822,-0.0002007430560752107,0.0003224530798211717
18.832,-0.00018450975809815366,0.0003213840905770234
18.842,-0.00016762280253857458,0.0003203217895782731
18.852,-0.00015011777438937154,0.0003192661349791984
18.862,-0.0001320327989077005,0.00031821708519589047
18.872,-0.00011340748179644225,0.0003171745989046129
18.882,-9.428354074967962e-05,0.0003161386350401776
18.892,-7.470456649200175e-05,0.00031510915279432433
18.902,-5.4715523883384814e-05,0.00031408611161411345
18.912,-3.436319381287062e-05,0.00031306947120033024
18.922,-1.3695568995782501e-05,0.0003120591915058953
18.932,7.238212079233773e-06,0.00031105523273428906
18.942,2.8387694755690476e-05,0.0003100575553379822
18.952,4.970138282947417e-05,0.0003090661200168793
18.962,7.112711346326126e-05,0.0003080808877167704
18.972,9.261210800252976e-05,0.00030710181962779147
18.982,0.00011410270412951907,0.00030612887718289763
18.992,0.00013554499593300035,0.00030516202205634177
19.002,0.00015688484178231666,0.00030420121616216703
19.012,0.00017806763708956927,0.00030324642165270425
19.022,0.00019903912324899082,0.00030229760091708344
19.032,0.00021974497959663443,0.00030135471657974974
19.042,0.00024013106569516001,0.00030041773149899325
19.052,0.00026014380800487363,0.000299486608765486
19.062,0.00027973001181717615,0.0002985613117008248
19.072,0.00029883724824438976,0.0002976418038560915
19.082,0.00031741379474847634,0.00029672804901041184
19.092,0.00033540889942931796,0.00029582001116953396
19.102,0.00035277283965816754,0.0002949176545644057
19.112,0.0003694571319355955,0.00029402094364976947
19.122,0.00038541474412317437,0.0002931298431027589
19.132,0.0004005997402610043,0.00029224431782151
19.142,0.00041496795147201524,0.00029136433292377715
19.152,0.0004284769745585102,0.00029048985374555863
19.162,0.0004410861804623181,0.00028962084583973255
19.172,0.000452756776269539,0.00028875727497469834
19.182,0.00046345198178478393,0.0002878991071330299
19.192,0.00047313736968620986,0.000287046308510134
19.202,0.0004817806274744487,0.00028619884551291997
19.212,0.0004893517554584811,0.000285356684758476
19.222,0.0004958233516064393,0.00028451979307275347
19.232,0.0005011704359583247,0.0002836881374892614
19.242,0.000505370707267572,0.00028286168524776644
19.252,0.0005084047341056142,0.00028204040379300403
19.262,0.0005102555922602865,0.00028122426077339393
19.272,0.0005109094891593268,0.0002804132240397688
19.282,0.0005103554982341781,0.0002796072616441036
19.292,0.0005085855635664624,0.00027880634183826173
19.302,0.0005055948219010327,0.0002780104330727413
19.312,0.0005013814907761034,0.00027721950399543283
19.322,0.0004959470332247191,0.00027643352345038544
19.332,0.0004892957928791299,0.0002756524604765781
19.342,0.0004814355684439405,0.0002748762843067013
19.352,0.0004723773350472933,0.00027410496436594404
19.362,0.00046213516635820897,0.0002733384702707903
19.372,0.00045072657033993563,0.00027257677182782123
19.382,0.0004381720898990354,0.0002718198390325268
19.392,0.0004244956155727691,0.0002710676420681236
19.402,0.0004097240719407618,0.00027032015130437924
19.412,0.00039388754684472596,0.00026957733729644697
19.422,0.0003770194739520741,0.0002688391707837041
19.432,0.00035915598746180433,0.00026810562268860097
19.442,0.00034033622395189045,0.00026737666411551377
19.452,0.0003206025664595666,0.0002666522663496078
19.462,0.0002999999067438388,0.0002659324008557066
19.472,0.000278575839178643,0.00026521703927716495
19.482,0.00025638070529327616,0.00026450615343475624
19.492,0.00023346728702493237,0.0002637997153255587
19.502,0.0002098907623452285,0.0002630976971218548
19.512,0.00018570840490687314,0.0002624000711700333
19.522,0.00016097965407807285,0.00026170680998950137
19.532,0.0001357658009846025,0.000261017886271601
19.542,0.00011013007135496716,0.00026033327287853386
19.552,8.413722743344583e-05,0.00025965294284229255
19.562,5.78530311885769e-05,0.00025897686936359707
19.572,3.1344849308852566e-05,0.00025830502581084084
19.582,4.681080148170135e-06,0.00025763738571904005
19.592,-2.2069368112165555e-05,0.0002569739227887925
19.602,-4.8836769658452725e-05,0.0002563146108852404
19.612,-7.555103452643502e-05,0.0002556594240370421
19.622,-0.00010214203314990391,0.00025500833643534793
19.632,-0.0001285396395967212,0.00025436132243278423
19.642,-0.000154673728260209,0.00025371835654244325
19.652,-0.0001804748973690868,0.0002530794134368779
19.662,-0.00020587462077119656,0.00025244446794710603
19.672,-0.00023080485153567737,0.0002518134950616168
19.682,-0.00025519871462344814,0.000251186469925388
19.692,-0.000278990971307509,0.00025056336783890363
19.702,-0.00030211769841669673,0.00024994416425718467
19.712,-0.00032451647909918796,0.0002493288347888195
19.722,-0.0003461272148291322,0.0002487173551950038
19.732,-0.00036689162534983636,0.0002481097013885866
19.742,-0.0003867534930559816,0.0002475058494331199
19.752,-0.00040565958930908775,0.0002469057755419175
19.762,-0.000423558829399762,0.0002463094560771164
19.772,-0.0004404027094554672,0.00024571686754874713
19.782,-0.00045614600359095245,0.00024512798661380697
19.792,-0.00047074616417743464,0.00024454279007534184
19.802,-0.00048416389136897886,0.00024396125488153168
19.812,-0.0004963629389796254,0.00024338335812478228
19.822,-0.000507310338493386,0.00024280907704082378
19.832,-0.0005169767220232085,0.00024223838900781287
19.842,-0.0005253357395471671,0.00024167127154544273
19.852,-0.0005323649193109488,0.00024110770231405647
19.862,-0.0005380452183149704,0.0002405476591137682
19.872,-0.0005423609795517579,0.00023999111988358738
19.882,-0.0005453004021219095,0.00023943806270055072
19.892,-0.0005468551570776032,0.00023888846577885882
19.902,-0.0005470206413248218,0.0002383423074690164
19.912,-0.0005457957835874897,0.00023779956625698148
19.922,-0.0005431833102070566,0.0002372602207633163
19.932,-0.0005391894981233265,0.00023672424974234638
19.942,-0.0005338239516233494,0.00023619163208132263
19.952,-0.0005271002917824133,0.00023566234679959038
19.962,-0.0005190355666849463,0.00023513637304776284
19.972,-0.0005096499401305952,0.0002346136901068991
19.982,-0.0004989673081527991,0.0002340942773876891
19.992,-0.00048701499118417203,0.0002335781144296415
20.002,-0.0004738235644957339,0.00023306518090027866
20.012,-0.00045942670969256115,0.00023255545659433484
20.022,-0.0004438612643265193,0.00023204892143296107
20.032,-0.0004271674738726766,0.0002315455554629335
20.042,-0.00040938841566851876,0.00023104533885586804
20.052,-0.000390569819998809,0.000230548251907439
20.062,-0.00037076047857935625,0.00023005427503660242
20.072,-0.0003500120488704704,0.00022956338878482634
20.082,-0.00032837854554512567,0.00022907557381532156
20.092,-0.00030591644119986184,0.00022859081091228335
20.102,-0.000282684777723668,0.000228109080980131
20.112,-0.00025874475175644354,0.00022763036504275884
20.122,-0.000234159600651227,0.00022715464424278615
20.132,-0.00020899451537173847,0.00022668189984081604
20.142,-0.00018331654099182793,0.00022621211321469656
20.152,-0.0001571944874555084,0.00022574526585878682
20.162,-0.00013069857549251687,0.00022528133938322912
20.172,-0.00010390018176333824,0.00022482031551322322
20.182,-7.687199379724921e-05,0.0002243621760883077
20.192,-4.968777854678867e-05,0.00022390690306164348
20.202,-2.2421770349284184e-05,0.0002234544784993038
20.212,4.8510359509759895e-06,0.0002230048845795675
20.222,3.205537938132981e-05,0.0002225581035922165
20.232,5.911600099041654e-05,0.00022211411793783905
20.242,8.595739760948557e-05,0.00022167291012713556
20.252,0.00011250468716826189,0.00022123446278023064
20.262,0.0001386835344948792,0.0002207987586259874
20.272,0.00016442012526656852,0.00022036578050132815
20.282,0.00018964200898863184,0.00021993551135055724
20.292,0.00021427786389406517,0.00021950793422469052
20.302,0.0002382578973510325,0.00021908303228078657
20.312,0.00026151419383028366,0.0002186607887812835
20.322,0.0002839806874789978,0.00021824118709334013
20.332,0.0003055937809840129,0.00021782421068818
20.342,0.0003262922780996021,0.00021740984314044118
20.352,0.0003460175920606153,0.0002169980681275283
20.362,0.00036471448677961844,0.0002165888694289705
20.372,0.0003823308068261176,0.0002161822309257816
20.382,0.00039881736555050673,0.0002157781365998259
20.392,0.0004141290908207579,0.00021537657053318686
20.402,0.00042822485066673405,0.0002149775169075398
20.412,0.00044106697204118305,0.00021458096000352944
20.422,0.0004526222261630441,0.00021418688420014995
20.432,0.00046286184266165016,0.00021379527397413046
20.442,0.0004717613420590662,0.00021340611389932261
20.452,0.00047930078175014416,0.00021301938864609366
20.462,0.00048546483612857226,0.00021263508298072247
20.472,0.0004902431243866442,0.00021225318176479883
20.482,0.0004936299602686172,0.00021187366995462843
20.492,0.0004956243843165272,0.0002114965326006383
20.502,0.0004962304191394124,0.00021112175484679023
20.512,0.0004954567841130242,0.00021074932192999358
20.522,0.0004933169566352102,0.00021037921917952505
20.532,0.0004898294900956672,0.00021001143201644987
20.542,0.00048501736558305414,0.0002096459459530483
20.552,0.00047890792149484006,0.0002092827465922445
20.562,0.000471533446837999,0.00020892181962703916
20.572,0.00046293022419499093,0.00020856315083994675
20.582,0.00045313851398112986,0.00020820672610243445
20.592,0.0004422029696386688,0.00020785253137436653
20.602,0.00043017182183766473,0.0002075005527034505
20.612,0.00041709666663245165,0.00020715077622468828
20.622,0.00040303259755675554,0.00020680318815982922
20.632,0.0003880378017742334,0.00020645777481682803
20.642,0.00037217315931109736,0.0002061145225893052
20.652,0.0003555021276509212,0.00020577341795601073
20.662,0.00033809038599447215,0.00020543444748029208
20.672,0.000320005469709083,0.0002050975978095642
20.682,0.00030131676639169293,0.00020476285567478433
20.692,0.0002820950144299438,0.0002044302078899284
20.702,0.0002624116631208267,0.00020409964135147267
20.712,0.0002423389700072006,0.00020377114303787668
20.722,0.00022194985793466449,0.0002034447000090705
20.732,0.00020131710265176237,0.0002031202994059455
20.742,0.00018051323420705727,0.000202797928449847
20.752,0.00015961041686694217,0.0002024775744420718
20.762,0.00013867972646945608,0.00020215922476336703
20.772,0.00011779130522174395,0.00020184286687343397
20.782,9.701381332978086e-05,0.0002015284883104332
20.792,7.641427479465005e-05,0.00020121607669049444
20.802,5.6057897924606734e-05,0.00020090561970722838
20.812,3.600725331998838e-05,0.00020059710513124174
20.822,1.6322876731853008e-05,0.000200290520809656
20.832,-2.9372832833949573e-06,0.0001999858546656282
20.842,-2.1718457529574087e-05,0.00019968309469787566
20.852,-3.99686990300492e-05,0.00019938222898020273
20.862,-5.7639363482451055e-05,0.00019908324566103163
20.872,-7.468504099846942e-05,0.00019878613296293488
20.882,-9.106379289784549e-05,0.0001984908791821719
20.892,-0.00010673767633437787,0.00019819747268822816
20.902,-0.00012167207329142803,0.00019790590192335583
20.912,-0.00013583606533652102,0.0001976161554021203
20.922,-0.000149202902714163,0.00019732822171094613
20.932,-0.00016174960411377597,0.00019704208950766859
20.942,-0.000173457022319891,0.000196757747521086
20.952,-0.00018430984994605794,0.0001964751845505165
20.962,-0.00019429681506096894,0.0001961943894653564
20.972,-0.00020341058787907293,0.00019591535120464166
20.982,-0.0002116473390922669,0.00019563805877661263
20.992,-0.00021900707159119091,0.00019536250125828047
21.002,-0.0002254936067646109,0.00019508866779499747
21.012,-0.00023111399138087878,0.00019481654760002888
21.022,-0.00023587879889556162,0.00019454612995412865
21.032,-0.00023980212365409448,0.0001942774042051165
21.042,-0.00024290084822213237,0.00019401035976745893
21.052,-0.0002451948788170632,0.00019374498612185185
21.062,-0.00024670711572981205,0.00019348127281480627
21.072,-0.0002474628602374339,0.00019321920945823668
21.082,-0.0002474899191850328,0.00019295878572905148
21.092,-0.00024681839726823767,0.0001926999913687472
21.102,-0.00024548036987931155,0.00019244281618300288
21.112,-0.00024350963025011025,0.00019218725004128037
21.122,-0.00024094166968935694,0.0001919332828764235
21.132,-0.00023781340504411166,0.0001916809046842629
21.142,-0.00023416263048649835,0.0001914301055232212
21.152,-0.00023002831925464707,0.00019118087551392142
21.162,-0.00022545011644803376,0.00019093320483879817
21.172,-0.00022046794165367747,0.00019068708374171044
21.182,-0.00021512218850049217,0.00019044250252755793
21.192,-0.00020945324770590588,0.00019019945156189833
21.202,-0.00020350114585530258,0.00018995792127056866
21.212,-0.00019730572354314906,0.00018971790213930748
21.222,-0.00019090621850050856,0.00018947938471338037
21.232,-0.00018434086173339207,0.00018924235959720756
21.242,-0.00017764716891330556,0.00018900681745399357
21.252,-0.00017086143759191403,0.00018877274900535977
21.262,-0.00016401846779362053,0.00018854014503097845
21.272,-0.00015715192513760605,0.00018830899636821017
21.282,-0.00015029373275701952,0.00018807929391174223
21.292,-0.00014347398360811702,0.00018785102861323044
21.302,-0.00013672117544865953,0.00018762419148094268
21.312,-0.00013006157639366378,0.00018739877357940425
21.322,-0.00012351965579006304,0.00018717476602904648
21.332,-0.00011711787383327937,0.00018695216000585643
21.342,-0.00011087612226402062,0.00018673094674102978
21.352,-0.00010481244730235276,0.00018651111752062492
21.362,-9.894264456418293e-05,0.0001862926636852202
21.372,-9.328015184540157e-05,0.00018607557662957236
21.382,-8.783629765240712e-05,0.00018585984780227787
21.392,-8.262000419320497e-05,0.00018564546870543602
21.402,-7.763818785636983e-05,0.00018543243089431393
21.412,-7.289557265397808e-05,0.00018522072597701434
21.422,-6.839458281015025e-05,0.00018501034561414455
21.432,-6.413586239695141e-05,0.00018480128151848838
21.442,-6.011805389706407e-05,0.00018459352545467932
21.452,-5.633771884273653e-05,0.0001843870692388764
21.462,-5.278975084278309e-05,0.0001841819047384418
21.472,-4.9467539068344155e-05,0.00018397802387162024
21.482,-4.6362745754841216e-05,0.000183775418607221
21.492,-4.3465363221645176e-05,0.00018357408096430106
21.502,-4.0764461990343243e-05,0.00018337400301185155
21.512,-3.824782777312057e-05,0.00018317517686848413
21.522,-3.5901909709681914e-05,0.00018297759470212182
21.532,-3.371260702591404e-05,0.00018278124872968948
21.542,-3.166487008538307e-05,0.00018258613121680773
21.552,-2.9742803001839004e-05,0.00018239223447748823
21.562,-2.793038875260974e-05,0.00018219955087383073
21.572,-2.621115063318384e-05,0.00018200807281572241
21.582,-2.4568085844288393e-05,0.00018181779276053872
21.592,-2.298440775018965e-05,0.00018162870321284644
21.602,-2.144330416047308e-05,0.00018144079672410818
21.612,-1.9928032247929583e-05,0.00018125406589238933
21.622,-1.8422342179363983e-05,0.0001810685033620661
21.632,-1.691024705646538e-05,0.00018088410182353598
21.642,-1.5376337269373247e-05,0.00018070085401292993
21.652,-1.3805757791219688e-05,0.00018051875271182577
21.662,-1.218447646962838e-05,0.0001803377907469645
21.672,-1.0499424500249844e-05,0.00018015796098996706
21.682,-8.738181422797898e-06,0.00017997925635705413
21.692,-6.889451043503929e-06,0.00017980166980876658
21.702,-4.943063468001987e-06,0.0001796251943496885
21.712,-2.889909968377741e-06,0.00017944982302817175
21.722,-7.220229202753858e-07,0.00017927554893606154
21.732,1.5672552453855613e-06,0.000179102365208425
21.742,3.983201148673915e-06,0.00017893026502328023
21.752,6.530048843369965e-06,0.00017875924160132796
21.762,9.210515568346416e-06,0.00017858928820568417
21.772,1.2025923605091568e-05,0.00017842039814161507
21.782,1.4976424148646215e-05,0.00017825256475627297
21.792,1.8060827632590076e-05,0.00017808578143843458
21.802,2.1276525445437223e-05,0.00017792004161824043
21.812,2.461946238765003e-05,0.00017775533876693598
21.822,2.8084660741439336e-05,0.00017759166639661465
21.832,3.166576653525175e-05,0.00017742901805996205
21.842,3.5354977278095255e-05,0.00017726738735000217
21.852,3.914355115096196e-05,0.00017710676789984488
21.862,4.302181930458877e-05,0.00017694715338243522
21.872,4.6978989853916976e-05,0.00017678853751030408
21.882,5.100300895902589e-05,0.00017663091403532057
21.892,5.50811932417168e-05,0.00017647427674844608
21.902,5.9200259773353e-05,0.00017631861947948915
21.912,6.334604933097961e-05,0.00017616393609686318
21.922,6.75035722369974e-05,0.00017601022050734412
21.932,7.16574432194699e-05,0.00017585746665583119
21.942,7.57921798931879e-05,0.00017570566852510768
21.952,7.98915889751908e-05,0.00017555482013560447
21.962,8.39391621906756e-05,0.00017540491554516417
21.972,8.79185455780597e-05,0.00017525594884880704
21.982,9.18132455586178e-05,0.00017510791417849864
21.992,9.56068510558869e-05,0.00017496080570291838
22.002,9.9282978314463e-05,0.00017481461762723006
22.012,0.00010282558138525264,0.00017466934419285338
22.022,0.00010621916398958327,0.00017452497967723732
22.032,0.0001094484603716099,0.00017438151839363448
22.042,0.00011249859953803955,0.00017423895469087736
22.052,0.00011535558743625218,0.00017409728295315555
22.062,0.00011800620733912683,0.00017395649759979442
22.072,0.00012043773911558347,0.00017381659308503562
22.082,0.0001226383375012301,0.0001736775638978183
22.092,0.00012459703399007874,0.0001735394045615622
22.102,0.00012630402168911637,0.00017340210963395178
22.112,0.00012775038571293958,0.00017326567370672222
22.122,0.00012892789772194982,0.00017313009140544565
22.132,0.00012982996017536102,0.00017299535738932024
22.142,0.00013045073934492022,0.00017286146635095933
22.152,0.00013078536433297147,0.0001727284130161824
22.162,0.00013083059193391567,0.00017259619214380758
22.172,0.00013058391076212588,0.00017246479852544487
22.182,0.0001300439321845491,0.0001723342269852912
22.192,0.0001292106000009513,0.00017220447237992643
22.202,0.00012808492323553952,0.00017207552959811075
22.212,0.00012666893039825838,0.00017194739356058352
22.222,0.0001249657458771872,0.00017182005921986278
22.232,0.00012297958414861203,0.00017169352156004694
22.242,0.00012071565019411286,0.00017156777559661668
22.252,0.00011818013865788171,0.00017144281637623916
22.262,0.00011538022085512254,0.00017131863897657228
22.272,0.00011232386152700337,0.00017119523850607135
22.282,0.00010901978133834422,0.000171072610103796
22.292,0.00010547785922237606,0.00017095074893921884
22.302,0.0001017084979728399,0.00017082965021203545
22.312,9.77224986458044e-05,0.0001707093091519746
22.322,9.353161751906789e-05,0.00017058972101861118
22.332,8.914808827527439e-05,0.00017047088110117877
22.342,8.458453207479488e-05,0.00017035278471838454
22.352,7.985416436199928e-05,0.00017023542721822455
22.362,7.497040507586498e-05,0.0001701188039778007
22.372,6.994691070011867e-05,0.0001700029104031385
22.382,6.479765148129516e-05,0.00016988774192900616
22.392,5.953678849636086e-05,0.00016977329401873478
22.402,5.417858214391916e-05,0.00016965956216403959
22.412,4.873709239161276e-05,0.00016954654188484238
22.422,4.322649346451236e-05,0.000169434228729095
22.432,3.766101728980966e-05,0.00016932261827260414
22.442,3.205434172793886e-05,0.00016921170611885675
22.452,2.6420096106497067e-05,0.00016910148789884714
22.462,2.077194879067937e-05,0.0001689919592709048
22.472,1.512274609904597e-05,0.00016888311592052322
22.482,9.48505224202467e-06,0.00016877495356019023
22.492,3.871311443330771e-06,0.00016866746792921876
22.502,-1.7067713262938314e-06,0.00016856065479357936
22.512,-7.237944959690324e-06,0.000168454509945733
22.522,-1.271145338165536e-05,0.00016834902920446592
22.532,-1.8117200247365984e-05,0.00016824420841472416
22.542,-2.3445546607458003e-05,0.0001681400434474506
22.552,-2.8687411816686202e-05,0.00016803653019942198
22.562,-3.3834518800189354e-05,0.00016793366459308713
22.572,-3.8879217597556007e-05,0.00016783144257640663
22.582,-4.381417147192196e-05,0.00016772986012269307
22.592,-4.863272934448901e-05,0.00016762891323045243
22.602,-5.332921213339937e-05,0.00016752859792322643
22.612,-5.789812112981875e-05,0.00016742891024943603
22.622,-6.23345381710555e-05,0.0001673298462822255
22.632,-6.663440641042288e-05,0.00016723140211930807
22.642,-7.079365876921654e-05,0.00016713357388281196
22.652,-7.480896260054271e-05,0.00016703635771912767
22.662,-7.867766533748058e-05,0.00016693974979875635
22.672,-8.239691120030925e-05,0.00016684374631615868
22.682,-8.596437467234902e-05,0.00016674834348960518
22.692,-8.937841063404448e-05,0.00016665353756102714
22.702,-9.263715235664145e-05,0.0001665593247958686
22.712,-9.57389269815467e-05,0.00016646570148293934
22.722,-9.868244046907093e-05,0.0001663726639342684
22.732,-0.00010146617393868257,0.00016628020848495924
22.742,-0.00010408886676819801,0.00016618833149304493
22.752,-0.00010654920136331196,0.00016609702933934506
22.762,-0.0001088455251650549,0.00016600629842732287
22.772,-0.00011097643858602874,0.00016591613518294386
22.782,-0.00011294024366395418,0.0001658265360545347
22.792,-0.00011473497422672272,0.0001657374975126436
22.802,-0.00011635854576687315,0.00016564901604990118
22.812,-0.00011780851004467134,0.00016556108818088213
22.822,-0.00011908236643984991,0.0001654737104419683
22.832,-0.00012017715477656948,0.0001653868793912118
22.842,-0.00012108962031043705,0.00016530059160819988
22.852,-0.00012181650171935862,0.00016521484369391978
22.862,-0.0001223539191889962,0.00016512963227062518
22.872,-0.00012269781529584476,0.00016504495398170287
22.882,-0.00012284420233808833,0.0001649608054915407
22.892,-0.00012278849622621691,0.0001648771834853962
22.902,-0.00012252602749222247,0.00016479408466926575
22.912,-0.00012205223838931513,0.00016471150576975532
22.922,-0.00012136230186210879,0.00016462944353395082
22.932,-0.00012045125569499346,0.0001645478947292908
22.942,-0.00011931434256327511,0.00016446685614343826
22.952,-0.00011794700537550278,0.00016438632458415484
22.962,-0.00011634462718448444,0.00016430629687917464
22.972,-0.00011450278909502689,0.0001642267698760794
22.982,-0.00011241756737382016,0.00016414774044217425
22.992,-0.00011008551797206742,0.0001640692054643644
23.002,-0.00010750340920305388,0.00016399116184903254
23.012,-0.00010466868269037329,0.00016391360652191677
23.022,-0.0001015794467639403,0.00016383653642798972
23.032,-9.82344135837437e-05,0.0001637599485313381
23.042,-9.463326881906762e-05,0.0001636838398150432
23.052,-9.077627614789723e-05,0.00016360820728106187
23.062,-8.666483884746203e-05,0.0001635330479501086
23.072,-8.230144347597224e-05,0.00016345835886153817
23.082,-7.768931839084125e-05,0.0001633841370732288
23.092,-7.283302211156246e-05,0.00016331037966146655
23.102,-6.773828864795417e-05,0.00016323708372082985
23.112,-6.241195818444829e-05,0.00016316424636407545
23.122,-5.6862226336568694e-05,0.00016309186472202413
23.132,-5.1098469247742515e-05,0.00016301993594344832
23.142,-4.513129218895933e-05,0.00016294845719495927
23.152,-3.8972858531181245e-05,0.00016287742566089563
23.162,-3.263643294035046e-05,0.0001628068385432126
23.172,-2.6136401089240978e-05,0.00016273669306137163
23.182,-1.9488760862800102e-05,0.00016266698645223089
23.192,-1.2710541062045087e-05,0.00016259771596993644
23.202,-5.819953191850721e-06,0.0001625288788858141
23.212,1.1634095803776964e-06,0.00016246047248826188
23.222,8.21912493906142e-06,0.00016239249408264326
23.232,1.532582441897344e-05,0.000162324940991181
23.242,2.2460838365067162e-05,0.00016225781055285163
23.252,2.9600795775020584e-05,0.00016219110012328068
23.262,3.67217913762619e-05,0.00016212480707463852
23.272,4.379888724643323e-05,0.00016205892879553674
23.282,5.0806851748235345e-05,0.0001619934626909254
23.292,5.771996413525116e-05,0.0001619284061819908
23.302,6.451202620729309e-05,0.00016186375670605385
23.312,7.115689868957258e-05,0.00016179951171646902
23.322,7.762818815641678e-05,0.0001617356686825244
23.332,8.389967063761677e-05,0.00016167222508934145
23.342,8.994532727231147e-05,0.00016160917843777647
23.352,9.573929360146687e-05,0.00016154652624432173
23.362,0.00010125647756284727,0.00016148426604100803
23.372,0.00010647246487586768,0.0001614223953753071
23.382,0.00011136320982933808,0.00016136091181003529
23.392,0.00011590570405969346,0.00016129981292325744
23.402,0.00012007841350909686,0.00016123909630819138
23.412,0.00012386071928847538,0.0001611787595731134
23.422,0.0001272329346051909,0.00016111880034126372
23.432,0.0001301772299527754,0.00016105921625075308
23.442,0.00013267745544600894,0.0001610000049544696
23.452,0.00013471876461753043,0.0001609411641199864
23.462,0.00013628815726593496,0.0001608826914294697
23.472,0.00013737464221955645,0.00016082458457958732
23.482,0.000137969193395703,0.00016076684128141837
23.492,0.0001380645866851285,0.00016070945926036266
23.502,0.00013765584939981902,0.0001606524362560514
23.512,0.0001367403444147677,0.00016059577002225787
23.522,0.00013531721812584435,0.0001605394583268093
23.532,0.00013338807492752007,0.00016048349895149864
23.542,0.00013095711527762473,0.00016042788969199728
23.552,0.0001280303102088844,0.00016037262835776834
23.562,0.00012461583512036407,0.0001603177127719801
23.572,0.00012072460412073074,0.00016026314077142057
23.582,0.00011636955445605543,0.00016020891020641204
23.592,0.00011156554898651912,0.0001601550189407265
23.602,0.00010632994007404779,0.00016010146485150148
23.612,0.00010068228082739765,0.0001600482458291565
23.622,9.464364952129853e-05,0.00015999535977730977
23.632,8.82371073861744e-05,0.0001599428046126958
23.642,8.148807591329619e-05,0.00015989057826508332
23.652,7.442336244510266e-05,0.0001598386786771936
23.662,6.707112911138644e-05,0.00015978710380461954
23.672,5.946136822294092e-05,0.0001597358516157451
23.682,5.1625439971784104e-05,0.00015968492009166518
23.692,4.3595673352384476e-05,0.0001596343072261063
23.702,3.5405625488792655e-05,0.00015958401102534732
23.712,2.7089766788953775e-05,0.0001595340295081412
23.722,1.8683092368631594e-05,0.00015948436070563658
23.732,1.0221574436092612e-05,0.00015943500266130058
23.742,1.7414446950256346e-06,0.00015938595343084144
23.752,-6.721018131969098e-06,0.00015933721108213228
23.762,-1.5129199598947581e-05,0.00015928877369513454
23.772,-2.3446656469728538e-05,0.00015924063936182276
23.782,-3.163727343986749e-05,0.00015919280618610914
23.792,-3.966526806859287e-05,0.000159145272283769
23.802,-4.749538711942065e-05,0.00015909803578236656
23.812,-5.509331752142065e-05,0.00015905109482118105
23.822,-6.242555148195255e-05,0.00015900444755113352
23.832,-6.945971234527585e-05,0.00015895809213471398
23.842,-7.616460461192824e-05,0.00015891202674590908
23.852,-8.251021008078425e-05,0.00015886624957013002
23.862,-8.846831602338844e-05,0.00015882075880414127
23.872,-9.401222738536064e-05,0.0001587755526559893
23.882,-9.911691939466094e-05,0.0001587306293449323
23.892,-0.00010375923312335334,0.00015868598710136973
23.902,-0.00010791800501903253,0.00015864162416677277
23.912,-0.00011157421643011341,0.00015859753879361507
23.922,-0.00011471074349880326,0.00015855372924530382
23.932,-0.00011731266939195604,0.00015851019379611143
23.942,-0.00011936772228190032,0.0001584669307311074
23.952,-0.00012086571964047457,0.00015842393834609108
23.962,-0.00012179859135940085,0.00015838121494752414
23.972,-0.0001221610386121041,0.00015833875885246413
23.982,-0.00012195002450212138,0.00015829656838849812
23.992,-0.00012116492489592365,0.00015825464189367678
24.002,-0.00011980765165344091,0.00015821297771644898
24.012,-0.00011788234171371983,0.00015817157421559665
24.022,-0.00011539573985148984,0.00015813042976017022
24.032,-0.00011235688849862193,0.0001580895427294243
24.042,-0.00010877718571526023,0.00015804891151275388
24.052,-0.00010467028070541684,0.00015800853450963087
24.062,-0.00010005196475005934,0.00015796841012954106
24.072,-9.494052159972184e-05,0.00015792853679192146
24.082,-8.935596754494283e-05,0.00015788891292609802
24.092,-8.332036349105804e-05,0.00015784953697122383
24.102,-7.685811018002094e-05,0.0001578104073762175
24.112,-6.999501933010364e-05,0.00015777152259970227
24.122,-6.275865885868652e-05,0.00015773288110994504
24.132,-5.517855186266022e-05,0.00015769448138479625
24.142,-4.728547439125781e-05,0.0001576563219116298
24.152,-3.91113715202649e-05,0.00015761840118728348
24.162,-3.0689853320977196e-05,0.00015758071771799982
24.172,-2.2055734879382192e-05,0.00015754327001936714
24.182,-1.3244281523263405e-05,0.00015750605661626123
24.192,-4.291988232125477e-06,0.00015746907604278704
24.202,4.763822758032729e-06,0.00015743232684222114
24.212,1.3885725258511484e-05,0.0001573958075669542
24.222,2.3035496908351345e-05,0.00015735951677843405
24.232,3.2174716164446696e-05,0.00015732345304710893
24.242,4.126504433637106e-05,0.00015728761495237127
24.252,5.026797075493551e-05,0.0001572520010825016
24.262,5.914547373248028e-05,0.00015721661003461314
24.272,6.785972452801273e-05,0.00015718144041459634
24.282,7.637331512697118e-05,0.00015714649083706407
24.292,8.464981600269254e-05,0.000157111759925297
24.302,9.265346581180171e-05,0.00015707724631118948
24.312,0.00010034945675192515,0.00015704294863519539
24.322,0.00010770422012415061,0.00015700886554627494
24.332,0.00011468538647906406,0.00015697499570184112
24.342,0.0001212620354263765,0.00015694133776770707
24.352,0.00012740488417337093,0.00015690789041803335
24.362,0.0001330862197476074,0.00015687465233527577
24.372,0.00013828006231181585,0.00015684162221013353
24.382,0.0001429624415705713,0.00015680879874149756
24.392,0.00014711143050130275,0.0001567761806363994
24.402,0.00015070711638825917,0.00015674376660996015
24.412,0.00015373185423478918,0.00015671155538533985
24.422,0.00015617018095052417,0.0001566795456936872
24.432,0.00015800894784549115,0.00015664773627408979
24.442,0.00015923764908829614,0.000156616125873524
24.452,0.00015984795658873812,0.00015658471324680605
24.462,0.0001598339709890541,0.00015655349715654274
24.472,0.00015919245276488508,0.00015652247637308272
24.482,0.00015792254252145006,0.00015649164967446812
24.492,0.00015602603009948204,0.00015646101584638637
24.502,0.00015350709929440903,0.0001564305736821224
24.512,0.00015037212762837658,0.00015640032198251103
24.522,0.00014663025174758713,0.00015637025955588985
24.532,0.0001422930656210827,0.00015634038521805213
24.542,0.00013737402970044328,0.00015631069779220035
24.552,0.00013188902342122681,0.00015628119610889968
24.562,0.0001258564283902024,0.00015625187900603202
24.572,0.00011929631192405194,0.00015622274532875016
24.582,0.00011223064562812948,0.00015619379392943232
24.592,0.00010468361758510704,0.000156165023667637
24.602,9.668098432495461e-05,0.00015613643341005787
24.612,8.825007789289778e-05,0.00015610802203047937
24.622,7.941987546169026e-05,0.00015607978840973216
24.632,7.022063278137252e-05,0.00015605173143564915
24.642,6.0683876150997214e-05,0.00015602385000302156
24.652,5.084230041283178e-05,0.0001559961430135556
24.662,4.072947392469306e-05,0.00015596860937582894
24.672,3.0379791394701533e-05,0.0001559412480052479
24.682,1.9828382764831306e-05,0.00015591405782400472
24.692,9.110913835190581e-06,0.000155887037761035
24.702,-1.7366356691945416e-06,0.00015586018675197558
24.712,-1.267803007122764e-05,0.00015583350373912262
24.722,-2.3676807165059805e-05,0.0001558069876713899
24.732,-3.469670207128014e-05,0.0001557806375042675
24.742,-4.570160680152891e-05,0.00015575445219978044
24.752,-5.665555296029557e-05,0.0001557284307264481
24.762,-6.752321759415524e-05,0.0001557025720592433
24.772,-7.82697309660081e-05,0.00015567687517955217
24.782,-8.886079926504397e-05,0.0001556513390751338
24.792,-9.926298953218575e-05,0.00015562596274008058
24.802,-0.00010944382484671952,0.00015560074517477834
24.812,-0.00011937181334875478,0.00015557568538586723
24.822,-0.00012901630279815526,0.0001555507823862024
24.832,-0.0001383479952420327,0.00015552603519481512
24.842,-0.00014733892282605418,0.00015550144283687432
24.852,-0.00015596208353745866,0.000155477004343648
24.862,-0.00016419205604218312,0.0001554527187524651
24.872,-0.00017200503645193357,0.0001554285851066777
24.882,-0.00017937826792666008,0.00015540460245562314
24.892,-0.00018629056548277053,0.0001553807698545868
24.902,-0.000192722560315364,0.00015535708636476472
24.912,-0.0001986562610995587,0.00015533355105322658
24.922,-0.00020407516113049446,0.0001553101629928792
24.932,-0.00020896461799308418,0.00015528692126242976
24.942,-0.0002133114223145429,0.0001552638249463496
24.952,-0.00021710375338643062,0.00015524087313483815
24.962,-0.00022033188265680034,0.00015521806492378723
24.972,-0.00022298745881388008,0.00015519539941474515
24.982,-0.00022506339269893181,0.0001551728757148816
24.992,-0.00022655470553266955,0.00015515049293695225
25.002,-0.00022745777559952626,0.00015512825019926399
25.012,-0.0002277702209469452,0.0001551061466256401
25.022,-0.00022749155799779114,0.00015508418134538575
25.032,-0.0002266227253429821,0.00015506235349325366
25.042,-0.00022516580287498304,0.00015504066220941014
25.052,-0.00022312455067451697,0.00015501910663940111
25.062,-0.00022050425388015792,0.00015499768593411846
25.072,-0.00021731123789794086,0.0001549763992497666
25.082,-0.0002135532323871488,0.00015495524574782928
25.092,-0.00020923924829192275,0.00015493422459503652
25.102,-0.0002043795903673927,0.0001549133349633317
25.112,-0.0001989859255929658,0.00015489257602983912
25.122,-0.00019307069291555392,0.00015487194697683145
25.132,-0.00018664772368089105,0.00015485144699169755
25.142,-0.00017973212337221817,0.0001548310752669105
25.152,-0.0001723395957311223,0.00015481083099999575
25.162,-0.0001644872368274094,0.00015479071339349947
25.172,-0.0001561931657039895,0.00015477072165495727
25.182,-0.00014747626454270063,0.00015475085499686277
25.192,-0.00013835643391367375,0.00015473111263663688
25.202,-0.0001288542919240479,0.00015471149379659663
25.212,-0.00011899159013910814,0.00015469199770392483
25.222,-0.00010879091574431539,0.00015467262359063945
25.232,-9.827524867876325e-05,0.00015465337069356345
25.242,-8.746856329258609e-05,0.0001546342382542946
25.252,-7.639575421859534e-05,0.00015461522551917583
25.262,-6.50819736612206e-05,0.0001545963317392653
25.272,-5.3553074013936954e-05,0.00015457755617030705
25.282,-4.183584002539361e-05,0.00015455889807270163
25.292,-2.995733667477106e-05,0.00015454035671147697
25.302,-1.7945019710400797e-05,0.00015452193135625947
25.312,-5.826926963294741e-06,0.0001545036212812451
25.322,6.368445971021289e-06,0.000154485425765171
25.332,1.8612337311890446e-05,0.0001544673440912869
25.342,3.08757712943642e-05,0.00015444937554732696
25.352,4.3129361138482346e-05,0.00015443151942548172
25.362,5.5343408243921804e-05,0.00015441377502237028
25.372,6.748829293782466e-05,0.0001543961416390124
25.382,7.953463796714412e-05,0.0001543786185808011
25.392,9.145260017189747e-05,0.00015436120515747537
25.402,0.00010321218507739212,0.00015434390068309281
25.412,0.00011478419288310072,0.00015432670447600275
25.422,0.00012613936587731731,0.00015430961585881925
25.432,0.00013724835495147893,0.00015429263415839463
25.442,0.0001480826824668225,0.0001542757587057927
25.452,0.00015861414658956612,0.00015425898883626268
25.462,0.00016881474569551875,0.00015424232388921278
25.472,0.00017865734927867234,0.00015422576320818425
25.482,0.00018811554351069192,0.00015420930614082562
25.492,0.00019716354644502154,0.00015419295203886692
25.502,0.00020577623683826616,0.00015417670025809411
25.512,0.00021392945496700574,0.00015416055015832374
25.522,0.00022160028728101933,0.00015414450110337775
25.532,0.0002287666527350679,0.00015412855246105847
25.542,0.00023540745594003755,0.0001541127036031235
25.552,0.0002415030349449211,0.0001540969539052612
25.562,0.0002470350132187687,0.000154081302747066
25.572,0.0002519861867958553,0.00015406574951201395
25.582,0.00025634083978733286,0.00015405029358743844
25.592,0.00026008487240174145,0.00015403493436450606
25.602,0.00026320551615062904,0.00015401967123819266
25.612,0.00026569166963395866,0.00015400450360725948
25.622,0.00026753396682677833,0.00015398943087422946
25.632,0.00026872455390164896,0.00015397445244536375
25.642,0.0002692574839682016,0.00015395956773063828
25.652,0.00026912855927217923,0.0001539447761437205
25.662,0.0002683353196438168,0.00015393007710194634
25.672,0.00026687719412858045,0.0001539154700262972
25.682,0.00026475536468950405,0.00015390095434137725
25.692,0.00026197296880032167,0.00015388652947539058
25.702,0.0002585349833958053,0.00015387219486011886
25.712,0.000254448214501744,0.00015385794993089883
25.722,0.0002497213353992827,0.00015384379412660014
25.732,0.0002443648194597074,0.00015382972688960322
25.742,0.00023839103421604608,0.00015381574766577723
25.752,0.0002318141140139028,0.00015380185590445843
25.762,0.00022464984058188052,0.00015378805105842826
25.772,0.00021691565337267018,0.00015377433258389193
25.782,0.0002086309469354629,0.00015376069994045699
25.792,0.0001998165478978856,0.00015374715259111195
25.802,0.0001904945772157093,0.00015373369000220525
25.812,0.0001806891055902701,0.00015372031164342416
25.822,0.00017042538701302594,0.00015370701698777387
25.832,0.00015972983265246475,0.00015369380551155684
25.842,0.00014863046473774952,0.000153680676694352
25.852,0.00013715627718760535,0.00015366763001899448
25.862,0.00012533725630674316,0.000153654664971555
25.872,0.00011320466456157,0.0001536417810413198
25.882,0.00010079055316217679,0.0001536289777207704
25.892,8.812765628237761e-05,0.00015361625450556368
25.902,7.524961820867652e-05,0.00015360361089451202
25.912,6.219071461375478e-05,0.00015359104638956354
25.922,4.898563147397676e-05,0.0001535785604957824
25.932,3.566954635140953e-05,0.0001535661527213295
25.942,2.2277942647336094e-05,0.0001535538225774429
25.952,8.846475762629867e-06,0.00015354156957841865
25.962,-4.588951114349357e-06,0.00015352939324159167
25.972,-1.7992516192160796e-05,0.00015351729308731677
25.982,-3.132845196259613e-05,0.00015350526863894964
25.992,-4.456111054195076e-05,0.0001534933194228282
26.002,-5.765537615817829e-05,0.00015348144496825388
26.012,-7.057625263779733e-05,0.00015346964480747306
26.022,-8.328924248663335e-05,0.00015345791847565867
26.032,-9.57608291652279e-05,0.0001534462655108919
26.042,-0.00010795780199624933,0.000153434685454144
26.052,-0.00011984775940510505,0.00015342317784925816
26.062,-0.00013139949310718088,0.00015341174224293153
26.072,-0.00014258259634893273,0.00015340037818469747
26.082,-0.00015336776498134358,0.0001533890852269077
26.092,-0.0001637269850395084,0.00015337786292471465
26.102,-0.0001736333789165052,0.00015336671083605408
26.112,-0.00018306143464443783,0.0001533556285216275
26.122,-0.0001919872752161174,0.00015334461554488498
26.132,-0.00020038840365085901,0.00015333367147200784
26.142,-0.00020824396698305062,0.00015332279587189175
26.152,-0.00021553491281696118,0.00015331198831612956
26.162,-0.00022224369342361479,0.00015330124837899446
26.172,-0.00022835468527240637,0.00015329057563742333
26.182,-0.00023385426504087396,0.0001532799696709999
26.192,-0.0002387306267598646,0.00015326943006193836
26.202,-0.00024297393058691816,0.00015325895639506677
26.212,-0.00024657620450271146,0.0001532485482578108
26.222,-0.0002495316682186208,0.00015323820524017735
26.232,-0.0002518366691034571,0.00015322792693473863
26.242,-0.0002534894231176844,0.0001532177129366158
26.252,-0.00025449035428508273,0.00015320756284346334
26.262,-0.00025484180797930803,0.00015319747625545293
26.272,-0.00025454828644686135,0.00015318745277525787
26.282,-0.00025361640882796965,0.0001531774920080374
26.292,-0.000252054527672383,0.00015316759356142108
26.302,-0.00024987325481175325,0.00015315775704549336
26.312,-0.0002470850932026833,0.0001531479820727783
26.322,-0.00024370419143868226,0.00015313826825822424
26.332,-0.00023974665406395127,0.00015312861521918857
26.342,-0.00023523031966894725,0.0001531190225754228
26.352,-0.00023017467473344225,0.00015310948994905744
26.362,-0.00022460075677114023,0.00015310001696458724
26.372,-0.0002185310773376222,0.00015309060324885632
26.382,-0.00021198953692538522,0.00015308124843104343
26.392,-0.0002050011772808602,0.0001530719521426475
26.402,-0.0001975923524359362,0.00015306271401747297
26.412,-0.0001897905038580978,0.00015305353369161542
26.422,-0.00018162370768052145,0.0001530444108034473
26.432,-0.00017312092481782307,0.0001530353449936035
26.442,-0.00016431199606687467,0.0001530263359049674
26.452,-0.00015522709750589032,0.00015301738318265675
26.462,-0.00014589666164884895,0.00015300848647400956
26.472,-0.00013635159845391256,0.00015299964542857042
26.482,-0.0001266228827718952,0.00015299085969807646
26.492,-0.00011674144892406682,0.00015298212893644384
26.502,-0.00010673813395556294,0.00015297345279975403
26.512,-9.664328319468727e-05,0.00015296483094624024
26.522,-8.648710039891829e-05,0.00015295626303627396
26.532,-7.629934294096611e-05,0.0001529477487323516
26.542,-6.610884566220243e-05,0.00015293928769908127
26.552,-5.594378263679815e-05,0.0001529308796031694
26.562,-4.5831521630814574e-05,0.00015292252411340778
26.572,-3.5798600228700495e-05,0.0001529142209006604
26.582,-2.5870372253218513e-05,0.00015290596963785056
26.592,-1.6070891860968927e-05,0.0001528977699999479
26.602,-6.423307463579975e-06,0.00015288962166395568
26.612,3.0504766694303705e-06,0.000152881524308898
26.622,1.2330009653439698e-05,0.00015287347761580724
26.632,2.1396280355556424e-05,0.00015286548126771136
26.642,3.023163610594445e-05,0.00015285753494962152
26.652,3.8819650670846076e-05,0.00015284963834851967
26.662,4.7145555288344505e-05,0.00015284179115334615
26.672,5.519609686993033e-05,0.00015283399305498745
26.682,6.295927521785445e-05,0.00015282624374626417
26.692,7.042464257497079e-05,0.0001528185429219187
26.702,7.758319672129512e-05,0.00015281089027860338
26.712,8.442733970827092e-05,0.00015280328551486841
26.722,9.095080306635804e-05,0.00015279572833115014
26.732,9.714876212130675e-05,0.00015278821842975906
26.742,0.00010301762077125046,0.00015278075551486826
26.752,0.00010855486154889118,0.00015277333929250166
26.762,0.00011375937979357989,0.00015276596947052254
26.772,0.00011863108729703361,0.00015275864575862189
26.782,0.00012317099176445631,0.00015275136786830707
26.792,0.00012738106094452504,0.00015274413551289045
26.802,0.00013126399672319075,0.00015273694840747806
26.812,0.000134823603937013,0.0001527298062689584
26.822,0.00013806429732618724,0.00015272270881599138
26.832,0.00014099122023121047,0.00015271565576899698
26.842,0.00014361024536429173,0.00015270864685014454
26.852,0.00014592738379055198,0.0001527016817833416
26.862,0.00014794934904465123,0.00015269476029422315
26.872,0.00014968345762290646,0.00015268788211014072
26.882,0.0001511369819725797,0.00015268104696015175
26.892,0.00015231744196650895,0.00015267425457500883
26.902,0.0001532327347163542,0.00015266750468714914
26.912,0.00015389087424012,0.00015266079703068385
26.922,0.00015429975382162485,0.0001526541313413878
26.932,0.00015446723121909767,0.00015264750735668886
26.942,0.00015440121480709147,0.00015264092481565776
26.952,0.0001541095118405333,0.0001526343834589978
26.962,0.0001535997943477771,0.00015262788302903456
26.972,0.00015287944613853892,0.00015262142326970574
26.982,0.00015195552560854473,0.00015261500392655124
26.992,0.00015083507882164356,0.0001526086247467029
27.002,0.00014952478519423838,0.00015260228547887473
27.012,0.0001480307362229988,0.00015259598587335287
27.022,0.00014635907590052524,0.00015258972568198592
27.032,0.00014451557595405263,0.00015258350465817498
27.042,0.0001425052348009381,0.00015257732255686404
27.052,0.00014033308133854652,0.00015257117913453034
27.062,0.00013800386445875495,0.00015256507414917474
27.072,0.0001355216724865624,0.00015255900736031218
27.082,0.00013289044061249878,0.00015255297852896218
27.092,0.00013011369707343324,0.00015254698741763953
27.102,0.00012719475814374366,0.00015254103379034486
27.112,0.00012413670344875775,0.00015253511741255535
27.122,0.00012094215289998083,0.00015252923805121547
27.132,0.00011761373135160093,0.00015252339547472787
27.142,0.00011415371184273399,0.00015251758945294415
27.152,0.00011056420806189307,0.00015251181975715596
27.162,0.00010684747558086016,0.0001525060861600858
27.172,0.00010300540512881324,0.00015250038843587818
27.182,9.903988741195132e-05,0.0001524947263600907
27.192,9.495298643062041e-05,0.00015248909970968523
27.202,9.07467622977185e-05,0.00015248350826301907
27.212,8.642334481636697e-05,0.00015247795179983625
27.222,8.198495015008825e-05,0.0001524724301012589
27.232,7.743409541755364e-05,0.00015246694294977856
27.242,7.277353564244361e-05,0.00015246149012924757
27.252,6.80062857501872e-05,0.00015245607142487074
27.262,6.313569743642317e-05,0.00015245068662319666
27.272,5.816535191363396e-05,0.0001524453355121095
27.282,5.309937149054053e-05,0.00015244001788082044
27.292,4.794240855629782e-05,0.0001524347335198596
27.302,4.26992589707574e-05,0.0001524294822210676
27.312,3.737533134589751e-05,0.00015242426377758744
27.322,3.197677378131503e-05,0.00015241907798385634
27.332,2.650985555250675e-05,0.00015241392463559772
27.342,2.0981398024063566e-05,0.00015240880352981293
27.352,1.539898028957348e-05,0.00015240371446477357
27.362,9.7705830444377e-06,0.00015239865724001321
27.372,4.104666245841816e-06,0.00015239363165631982
27.382,-1.5899155880828653e-06,0.00015238863751572765
27.392,-7.303699209790218e-06,0.00015238367462150956
27.402,-1.3026784811888908e-05,0.0001523787427781693
27.412,-1.8748953871597856e-05,0.00015237384179143373
27.422,-2.445948844889824e-05,0.0001523689714682452
27.432,-3.014749319693944e-05,0.00015236413161675397
27.442,-3.580162658136894e-05,0.0001523593220463106
27.452,-4.1410236394947344e-05,0.00015235454256745843
27.462,-4.6961724434123156e-05,0.0001523497929919263
27.472,-5.244406595238855e-05,0.00015234507313262086
27.482,-5.784502854774256e-05,0.0001523403828036193
27.492,-6.315277213852665e-05,0.0001523357218201622
27.502,-6.835531849458776e-05,0.000152331089998646
27.512,-7.344031981703015e-05,0.00015232648715661587
27.522,-7.839588357218412e-05,0.00015232191311275863
27.532,-8.32104211811422e-05,0.00015231736768689535
27.542,-8.787226422551369e-05,0.00015231285069997456
27.552,-9.237011854511587e-05,0.00015230836197406496
27.562,-9.669311969357066e-05,0.00015230390133234847
27.572,-0.00010083070944386255,0.00015229946859911342
27.582,-0.00010477271146786583,0.00015229506359974734
27.592,-0.00010850938548371121,0.00015229068616073036
27.602,-0.0001120315519103097,0.0001522863361096282
27.612,-0.00011533070016302141,0.00015228201327508543
27.622,-0.00011839881355341443,0.00015227771748681874
27.632,-0.00012122838494590845,0.00015227344857561025
27.642,-0.00012381265381867647,0.00015226920637330073
27.652,-0.0001261456378061945,0.00015226499071278315
27.662,-0.00012822206352026353,0.0001522608014279959
27.672,-0.00013003719690262154,0.00015225663835391644
27.682,-0.00013158721854112556,0.00015225250132655467
27.692,-0.0001328691928848606,0.0001522483901829465
27.702,-0.00013388068881274958,0.00015224430476114747
27.712,-0.00013462015214009572,0.00015224024490022637
27.722,-0.00013508699669461684,0.0001522362104402588
27.732,-0.00013528139437872695,0.00015223220122232095
27.742,-0.00013520418580845205,0.00015222821708848344
27.752,-0.00013485700925281618,0.00015222425788180484
27.762,-0.0001342424218652423,0.0001522203234463258
27.772,-0.00013336375281326442,0.00015221641362706258
27.782,-0.00013222494984628852,0.00015221252827000127
27.792,-0.00013083076018379465,0.00015220866722209144
27.802,-0.00012918677869426976,0.0001522048303312403
27.812,-0.00012729913668902792,0.00015220101744630664
27.822,-0.00012517467385908212,0.00015219722841709486
27.832,-0.00012282086744371028,0.00015219346309434912
27.842,-0.00012024561223622446,0.00015218972132974735
27.852,-0.00011745771011367462,0.0001521860029758955
27.862,-0.0001144664308156588,0.00015218230788632172
27.872,-0.00011128110661758127,0.00015217863591547058
27.882,-0.00010791176544073573,0.00015217498691869733
27.892,-0.00010436887459940681,0.00015217136075226217
27.902,-0.00010066309659349599,0.00015216775727332468
27.912,-9.680546470314007e-05,0.0001521641763399381
27.922,-9.280711325132915e-05,0.00015216061781104376
27.932,-8.867929560328674e-05,0.00015215708154646558
27.942,-8.443365921482704e-05,0.0001521535674069045
27.952,-8.008168319831851e-05,0.00015215007525393295
27.962,-7.56347533288847e-05,0.00015214660494998952
27.972,-7.110456280562238e-05,0.00015214315635837342
27.982,-6.650235824419037e-05,0.00015213972934323915
27.992,-6.183937940458575e-05,0.00015213632376959114
28.002,-5.712686850345644e-05,0.00015213293950327845
28.012,-5.2375524962705595e-05,0.00015212957641098948
28.022,-4.759598164714445e-05,0.00015212623436024664
28.032,-4.27985075711572e-05,0.00015212291321940128
28.042,-3.7993065927864466e-05,0.0001521196128576284
28.052,-3.318940533165652e-05,0.00015211633314492153
28.062,-2.839666685643668e-05,0.0001521130739520875
28.072,-2.3623638383608438e-05,0.00015210983515074163
28.082,-1.887887631384525e-05,0.00015210661661330235
28.092,-1.4170507067604991e-05,0.00015210341821298638
28.102,-9.506081754116127e-06,0.00015210023982380362
28.112,-4.8926643559273945e-06,0.00015209708132055233
28.122,-3.3704767017098105e-07,0.000152093942578814
28.132,4.154166364838336e-06,0.00015209082347494867
28.142,8.575056362381047e-06,0.00015208772388608985
28.152,1.2920415996672561e-05,0.00015208464369013982
28.162,1.718482995324457e-05,0.0001520815827657648
28.172,2.1363251433915784e-05,0.00015207854099239012
28.182,2.5451507468853598e-05,0.00015207551825019547
28.192,2.944534473036151e-05,0.00015207251442011025
28.202,3.334075908426962e-05,0.00015206952938380885
28.212,3.713432792762615e-05,0.00015206656302370594
28.222,4.082264531102518e-05,0.00015206361522295187
28.232,4.4402485805872e-05,0.0001520606858654281
28.242,4.787096048848652e-05,0.00015205777483574262
28.252,5.122534781401995e-05,0.00015205488201922533
28.262,5.446300867478888e-05,0.0001520520073019236
28.272,5.758145647567879e-05,0.00015204915057059773
28.282,6.0578388515686516e-05,0.00015204631171271657
28.292,6.345150394045405e-05,0.000152043490616453
28.302,6.619854630681509e-05,0.00015204068717067956
28.312,6.881746704695485e-05,0.00015203790126496405
28.322,7.130625833167993e-05,0.00015203513278956528
28.332,7.366281274635741e-05,0.00015203238163542855
28.342,7.588504721353417e-05,0.00015202964769418158
28.352,7.797111646990217e-05,0.00015202693085813006
28.362,7.991919146742533e-05,0.00015202423102025353
28.372,8.172716966299261e-05,0.00015202154807420105
28.382,8.339319403585499e-05,0.00015201888191428714
28.392,8.491574318943616e-05,0.00015201623243548757
28.402,8.629285539971064e-05,0.0001520135995334351
28.412,8.752259997437032e-05,0.0001520109831044156
28.422,8.860359272963899e-05,0.00015200838304536374
28.432,8.953430216992935e-05,0.0001520057992538591
28.442,9.031316114879373e-05,0.00015200323162812198
28.452,9.09388544180531e-05,0.00015200068006700958
28.462,9.141019549105647e-05,0.00015199814447001186
28.472,9.172610746530684e-05,0.0001519956247372476
28.482,9.188571825605121e-05,0.00015199312076946052
28.492,9.188844465624958e-05,0.00015199063246801542
28.502,9.173379733515395e-05,0.00015198815973489408
28.512,9.142146692937057e-05,0.00015198570247269169
28.522,9.095151861115518e-05,0.00015198326058461274
28.532,9.032443458750477e-05,0.0001519808339744674
28.542,8.954078777060739e-05,0.00015197842254666765
28.552,8.8601298880751e-05,0.00015197602620622353
28.562,8.750739747559619e-05,0.0001519736448587394
28.572,8.62606382855743e-05,0.00015197127841041016
28.582,8.486287340174351e-05,0.00015196892676801768
28.592,8.331664880967062e-05,0.00015196658983892704
28.602,8.162456743020742e-05,0.00015196426753108288
28.612,7.978956122510951e-05,0.00015196195975300585
28.622,7.78151830118549e-05,0.00015195966641378886
28.632,7.570544600950718e-05,0.00015195738742309367
28.642,7.346447688154777e-05,0.0001519551226911472
28.652,7.109679126101556e-05,0.00015195287212873808
28.662,6.860751062582013e-05,0.0001519506356472131
28.672,6.600197764535292e-05,0.00015194841315847366
28.682,6.328591504659069e-05,0.00015194620457497247
28.692,6.0465288331397194e-05,0.00015194400980970984
28.702,5.7546449508538974e-05,0.00015194182877623053
28.712,5.453625577906588e-05,0.00015193966138862016
28.722,5.1441614416448374e-05,0.00015193750756150193
28.732,4.8269574215142884e-05,0.00015193536721003312
28.742,4.502757783238039e-05,0.00015193324024990193
28.752,4.172340044660089e-05,0.000151931126597324
28.762,3.836472182303689e-05,0.0001519290261690392
28.772,3.4959395006916196e-05,0.00015192693888230833
28.782,3.15155977819139e-05,0.00015192486465490988
28.792,2.8041269766506105e-05,0.0001519228034051367
28.802,2.4544506421843107e-05,0.00015192075505179292
28.812,2.1033473665994573e-05,0.00015191871951419065
28.822,1.7516155294918834e-05,0.00015191669671214684
28.832,1.40006996716952e-05,0.00015191468656598008
28.842,1.049487948685906e-05,0.00015191268899650753
28.852,7.006313779603126e-06,0.0001519107039250418
28.862,3.5428146184110868e-06,0.0001519087312733877
28.872,1.1168301153184989e-07,0.00015190677096383945
28.882,-3.279972114112405e-06,0.00015190482291917726
28.892,-6.625053364430332e-06,0.0001519028870626646
28.902,-9.917027768520368e-06,0.00015190096331804502
28.912,-1.3149576704041434e-05,0.00015189905160953914
28.922,-1.6316498971996355e-05,0.00015189715186184172
28.932,-1.9412161607380923e-05,0.00015189526400011873
28.942,-2.2431270351872497e-05,0.00015189338795000427
28.952,-2.5368589851743328e-05,0.00015189152363759775
28.962,-2.8219364879130466e-05,0.00015188967098946096
28.972,-3.0979385539924194e-05,0.0001518878299326151
28.982,-3.364458032837703e-05,0.0001518860003945381
28.992,-3.621135273761276e-05,0.00015188418230316152
29.002,-3.86764251992638e-05,0.00015188237558686783
29.012,-4.103674255479279e-05,0.00015188058017448765
29.022,-4.328987725417418e-05,0.00015187879599529681
29.032,-4.543342600557008e-05,0.00015187702297901365
29.042,-4.746534958744307e-05,0.00015187526105579628
29.052,-4.938423543051536e-05,0.00015187351015623972
29.062,-5.1188562479239345e-05,0.0001518717702113733
29.072,-5.2877194581094844e-05,0.00015187004115265777
29.082,-5.444953390298513e-05,0.0001518683229119828
29.092,-5.590497429986453e-05,0.00015186661542166416
29.102,-5.724310683075941e-05,0.00015186491861444111
29.112,-5.846388846378722e-05,0.0001518632324234737
29.122,-5.956758851594033e-05,0.0001518615567823402
29.132,-6.0554497495145425e-05,0.00015185989162503442
29.142,-6.142500489684393e-05,0.00015185823688596323
29.152,-6.217999797637874e-05,0.0001518565924999438
29.162,-6.282040971522346e-05,0.00015185495840220115
29.172,-6.334712657604466e-05,0.0001518533345283656
29.182,-6.376139430680586e-05,0.00015185172081447014
29.192,-6.406464137267856e-05,0.00015185011719694806
29.202,-6.425832117811647e-05,0.00015184852361263033
29.212,-6.434402614897465e-05,0.0001518469399987431
29.222,-6.432355504105754e-05,0.0001518453662929053
29.232,-6.419878185088111e-05,0.0001518438024331262
29.242,-6.397163345293469e-05,0.00015184224835780284
29.252,-6.364430945193247e-05,0.00015184070400571777
29.262,-6.321911369042715e-05,0.0001518391693160365
29.272,-6.269832843808523e-05,0.00015183764422830516
29.282,-6.208447085462921e-05,0.0001518361286824481
29.292,-6.138025582852638e-05,0.00015183462261876562
29.302,-6.058836033753607e-05,0.00015183312597793144
29.312,-5.9711570883960776e-05,0.00015183163870099048
29.322,-5.875291199853479e-05,0.00015183016072935662
29.332,-5.771556014633821e-05,0.00015182869200481015
29.342,-5.660273497316441e-05,0.0001518272324694957
29.352,-5.541763939387503e-05,0.00015182578206591985
29.362,-5.416377107625614e-05,0.0001518243407369489
29.372,-5.284477849380495e-05,0.00015182290842580664
29.382,-5.1464196831972956e-05,0.00015182148507607204
29.392,-5.0025794695703174e-05,0.0001518200706316771
29.402,-4.8533464920929884e-05,0.0001518186650369046
29.412,-4.699105878746539e-05,0.00015181726823638596
29.422,-4.540255297879139e-05,0.00015181588017509895
29.432,-4.377205157342389e-05,0.00015181450079836567
29.442,-4.2103614609311896e-05,0.00015181313005185028
29.452,-4.04012722925005e-05,0.00015181176788155688
29.462,-3.866929459724331e-05,0.00015181041423382744
29.472,-3.6911869160232806e-05,0.0001518090690553396
29.482,-3.513289270643791e-05,0.0001518077322931047
29.492,-3.333651405992551e-05,0.00015180640389446547
29.502,-3.1527008694143114e-05,0.00015180508380709424
29.512,-2.970833311094896e-05,0.00015180377197899068
29.522,-2.7884243724796014e-05,0.00015180246835847977
29.532,-2.6058557084081864e-05,0.00015180117289420985
29.542,-2.4235223802011118e-05,0.0001517998855351505
29.552,-2.2417770184870266e-05,0.00015179860623059066
29.562,-2.0609423889302838e-05,0.00015179733493013645
29.572,-1.881368200063389e-05,0.0001517960715837093
29.582,-1.7033676895744752e-05,0.00015179481614154407
29.592,-1.5272168627694465e-05,0.00015179356855418683
29.602,-1.3532011228862954e-05,0.00015179232877249316
29.612,-1.1815638092403126e-05,0.0001517910967476261
29.622,-1.0125199620852595e-05,0.00015178987243105423
29.632,-8.462936787156749e-06,0.00015178865577454977
29.642,-6.8305217346730705e-06,0.00015178744673018669
29.652,-5.229324720843987e-06,0.0001517862452503388
29.662,-3.6608551427915176e-06,0.00015178505128767797
29.672,-2.125980028345834e-06,0.00015178386479517206
29.682,-6.252741345771955e-07,0.00015178268572608325
29.692,8.406074395334457e-07,0.00015178151403396614
29.702,2.2715275200720893e-06,0.00015178034967266592
29.712,3.6675777375678647e-06,0.00015177919259631655
29.722,5.028972850575841e-06,0.00015177804275933897
29.732,6.356320951390713e-06,0.00015177690011643926
29.742,7.650379788945093e-06,0.00015177576462260692
29.752,8.912061177873064e-06,0.00015177463623311304
29.762,1.014254092570014e-05,0.00015177351490350857
29.772,1.1343103394481314e-05,0.00015177240058962253
29.782,1.2515226317659591e-05,0.00015177129324756038
29.792,1.3660562890031767e-05,0.00015177019283370212
29.802,1.4780775639731743e-05,0.0001517690993047007
29.812,1.5877592114051797e-05,0.0001517680126174803
29.822,1.6952899890845444e-05,0.00015176693272923457
29.832,1.8008657942386595e-05,0.00015176585959742503
29.842,1.9046639950845846e-05,0.00015176479317977927
29.852,2.0068721691699296e-05,0.00015176373343428942
29.862,2.1076859601215844e-05,0.00015176268031921045
29.872,2.2072666080763795e-05,0.00015176163379305847
29.882,2.3057896212054648e-05,0.00015176059381460914
29.892,2.40342104051907e-05,0.00015175956034289606
29.902,2.5002737030629956e-05,0.00015175853333720916
29.912,2.59648223142976e-05,0.00015175751275709306
29.922,2.692176541371375e-05,0.00015175649856234548
29.932,2.7874286337832003e-05,0.00015175549071301566
29.942,2.882299156479676e-05,0.00015175448916940283
29.952,2.976842728603681e-05,0.0001517534938920546
29.962,3.0710903430352456e-05,0.00015175250484176543
29.972,3.16502884413911e-05,0.00015175152197957503
29.982,3.2586121760902856e-05,0.00015175054526676693
29.992,3.351809838932811e-05,0.00015174957466486687
