# Units: Energy [eV], DOS [1/eV]
energy,dos
-8.0,0.0
-7.989995650282732,0.0
-7.979991300565463,0.0
-7.969986950848195,0.0
-7.9599826011309265,0.0
-7.9499782514136585,0.0
-7.93997390169639,0.0
-7.929969551979122,0.0
-7.919965202261853,0.0
-7.909960852544585,0.0
-7.899956502827316,0.0
-7.889952153110048,6.97e-322
-7.8799478033927794,1.446674e-318
-7.8699434536755115,2.89074426e-315
-7.859939103958243,5.549783065154e-312
-7.849934754240975,1.0236949666521675e-308
-7.839930404523706,1.814234218421333e-305
-7.829926054806438,3.0891881896179304e-302
-7.819921705089169,5.053864617837699e-299
-7.809917355371901,7.943850618055058e-296
-7.799913005654632,1.1996837074133922e-292
-7.7899086559373645,1.7407270605164023e-289
-7.779904306220096,2.426737654481866e-286
-7.769899956502828,3.2504478761510033e-283
-7.759895606785559,4.1830380304753664e-280
-7.749891257068291,5.172120688705223e-277
-7.739886907351022,6.144318486157682e-274
-7.729882557633754,7.013051362850588e-271
-7.719878207916485,7.690747507654739e-268
-7.7098738581992174,8.103232897792957e-265
-7.699869508481949,8.203068240061709e-262
-7.689865158764681,7.978524149901763e-259
-7.679860809047412,7.45584792432099e-256
-7.669856459330144,6.694216557419791e-253
-7.659852109612875,5.774717120380579e-250
-7.649847759895607,4.7861897713690764e-247
-7.639843410178338,3.811337061626295e-244
-7.62983906046107,2.9160371182552395e-241
-7.619834710743802,2.143566621935459e-238
-7.609830361026534,1.5139417808831538e-235
-7.599826011309265,1.0273291619470832e-232
-7.589821661591997,6.6978946713087125e-230
-7.579817311874728,4.195611526100698e-227
-7.56981296215746,2.5251110814703175e-224
-7.559808612440191,1.4601382268530186e-221
-7.549804262722923,8.112145345979048e-219
-7.5397999130056546,4.330177994781168e-216
-7.529795563288387,2.2207724004101242e-213
-7.519791213571118,1.0942854792746557e-210
-7.50978686385385,5.180664980721157e-208
-7.499782514136581,2.3565066717333018e-205
-7.489778164419313,1.0298646177329595e-202
-7.479773814702044,4.3243407392263293e-200
-7.469769464984776,1.7445683496934444e-197
-7.4597651152675075,6.76214363501446e-195
-7.44976076555024,2.5183096067092867e-192
-7.439756415832971,9.010775937064163e-190
-7.429752066115703,3.0977303188029877e-187
-7.419747716398434,1.0231831516904625e-184
-7.409743366681166,3.247069045112419e-182
-7.399739016963897,9.900520987814266e-180
-7.389734667246629,2.900367096079132e-177
-7.3797303175293605,8.163498183420735e-175
-7.3697259678120925,2.2076389986541903e-172
-7.359721618094824,5.735988311234334e-170
-7.349717268377556,1.4319139492347789e-167
-7.339712918660287,3.434425217167341e-165
-7.329708568943019,7.914431286361087e-163
-7.31970421922575,1.7523219031661346e-160
-7.309699869508482,3.727662801557536e-158
-7.2996955197912134,7.618823840647108e-156
-7.2896911700739455,1.4961249192438643e-153
-7.279686820356677,2.8227760639143927e-151
-7.269682470639409,5.116979494007223e-149
-7.25967812092214,8.912091702994017e-147
-7.249673771204872,1.4913321427452297e-144
-7.239669421487603,2.3977169712634017e-142
-7.229665071770335,3.703823756047466e-140
-7.219660722053066,5.497074449462998e-138
-7.2096563723357985,7.838661190096318e-136
-7.19965202261853,1.0739429208098306e-133
-7.189647672901262,1.4136750916942848e-131
-7.179643323183993,1.7879163132320867e-129
-7.169638973466725,2.1725712251203206e-127
-7.159634623749456,2.5364727571149474e-125
-7.149630274032188,2.8452197778584806e-123
-7.139625924314919,3.0664153242563166e-121
-7.1296215745976514,3.1752343717897915e-119
-7.119617224880383,3.1590054271052333e-117
-7.109612875163115,3.019637868555608e-115
-7.099608525445846,2.773252439190799e-113
-7.089604175728578,2.447113703660366e-111
-7.079599826011309,2.0746711518360339e-109
-7.069595476294041,1.6899542366783495e-107
-7.059591126576772,1.322608703840972e-105
-7.049586776859504,9.945320441188839e-104
-7.039582427142236,7.185175696592896e-102
-7.029578077424968,4.987552335509594e-100
-7.019573727707699,3.326360223478393e-98
-7.009569377990431,2.131489177633988e-96
-6.999565028273162,1.312288589208486e-94
-6.989560678555894,7.762619447847506e-93
-6.979556328838625,4.4118460411799625e-91
-6.969551979121357,2.4091615885470564e-89
-6.9595476294040886,1.2639954107583327e-87
-6.949543279686821,6.371761999006675e-86
-6.939538929969552,3.0860901932155116e-84
-6.929534580252284,1.4361284658935962e-82
-6.919530230535015,6.421170640157294e-81
-6.909525880817747,2.758494167438448e-79
-6.899521531100478,1.138590670381123e-77
-6.88951718138321,4.515456720846427e-76
-6.8795128316659415,1.7205811150155313e-74
-6.869508481948674,6.29925217677385e-73
-6.859504132231405,2.215869954718363e-71
-6.849499782514137,7.48931544689619e-70
-6.839495432796868,2.4321133314828424e-68
-6.8294910830796,7.588757666825062e-67
-6.819486733362331,2.2751196068881723e-65
-6.809482383645063,6.553692580970135e-64
-6.7994780339277945,1.8139191956049441e-62
-6.7894736842105265,4.823938426483293e-61
-6.779469334493258,1.2326494939983725e-59
-6.76946498477599,3.0264516335617833e-58
-6.759460635058721,7.139809547895899e-57
-6.749456285341453,1.6184562059787132e-55
-6.739451935624184,3.525166483748997e-54
-6.729447585906916,7.377782461950851e-53
-6.7194432361896475,1.4836895979327706e-51
-6.7094388864723795,2.8670483477108443e-50
-6.699434536755111,5.323605170936305e-49
-6.689430187037843,9.498608253897127e-48
-6.679425837320574,1.6285544539190468e-46
-6.669421487603306,2.6831073022611087e-45
-6.659417137886037,4.2478873207369143e-44
-6.649412788168769,6.462690658358164e-43
-6.6394084384515,9.44856747769441e-42
-6.6294040887342325,1.3275111077086991e-40
-6.619399739016964,1.7924124942593768e-39
-6.609395389299696,2.3258090813338708e-38
-6.599391039582427,2.9003866539397803e-37
-6.589386689865159,3.476111545740515e-36
-6.57938234014789,4.0040415001756476e-35
-6.569377990430622,4.43284458070435e-34
-6.559373640713353,4.7169199008270214e-33
-6.5493692909960854,4.824369956756847e-32
-6.539364941278817,4.742900104882218e-31
-6.529360591561549,4.482135436903875e-30
-6.51935624184428,4.07175099810597e-29
-6.509351892127012,3.555917102926363e-28
-6.499347542409743,2.9854964758062393e-27
-6.489343192692475,2.4098932957356144e-26
-6.479338842975206,1.870331958339159e-25
-6.469334493257938,1.395738602691082e-24
-6.45933014354067,1.0015681239464464e-23
-6.449325793823402,6.911559346826726e-23
-6.439321444106133,4.586913210553667e-22
-6.429317094388865,2.927826807235008e-21
-6.419312744671596,1.797561248725232e-20
-6.409308394954328,1.0616225286110542e-19
-6.399304045237059,6.031715405881538e-19
-6.389299695519791,3.297109925339895e-18
-6.3792953458025226,1.7341503060843637e-17
-6.369290996085255,8.776891638630309e-17
-6.359286646367986,4.27500172167937e-16
-6.349282296650718,2.0040794979477307e-15
-6.339277946933449,9.043126856673589e-15
-6.329273597216181,3.928161710857455e-14
-6.319269247498912,1.642740452898163e-13
-6.309264897781644,6.614524573709966e-13
-6.2992605480643755,2.5645945171612482e-12
-6.289256198347108,9.575648682076947e-12
-6.279251848629839,3.4433766351641704e-11
-6.269247498912571,1.192622961483243e-10
-6.259243149195302,3.9788485746612024e-10
-6.249238799478034,1.2787279517748409e-09
-6.239234449760765,3.959075486638425e-09
-6.229230100043497,1.1809461811482246e-08
-6.2192257503262285,3.3939894537252025e-08
-6.2092214006089606,9.398445852125268e-08
-6.199217050891692,2.507760240463138e-07
-6.189212701174424,6.447900180624057e-07
-6.179208351457155,1.597608038024954e-06
-6.169204001739887,3.8146919590714373e-06
-6.159199652022618,8.778195096676676e-06
-6.14919530230535,1.9468376071955502e-05
-6.1391909525880815,4.161596700898808e-05
-6.1291866028708135,8.57491830822024e-05
-6.119182253153545,0.00017032689519954277
-6.109177903436277,0.00032619388638740533
-6.099173553719008,0.0006023933018824314
-6.08916920400174,0.0010729739054349634
-6.079164854284471,0.00184383281438371
-6.069160504567203,0.0030579293489293997
-6.059156154849935,0.004896606891400945
-6.0491518051326665,0.007574584294979173
-6.039147455415398,0.011326750596644605
-6.02914310569813,0.01638638316041089
-6.019138755980862,0.022956643076446636
-6.009134406263593,0.03117959944711261
-5.999130056546324,0.04110871035774529
-5.989125706829056,0.05269079416117268
-5.979121357111788,0.06576170495407142
-5.9691170073945194,0.08005665339250627
-5.959112657677251,0.09523264207229074
-5.949108307959983,0.11089831792141147
-5.939103958242715,0.12664661191096424
-5.929099608525446,0.1420875280746862
-5.919095258808177,0.1568807899964639
-5.909090909090909,0.17076873879164195
-5.899086559373641,0.18360774710622654
-5.889082209656372,0.1953922039517492
-5.879077859939104,0.20626145053595177
-5.869073510221836,0.21648011915712184
-5.859069160504568,0.22638797134348781
-5.849064810787299,0.23632546035590501
-5.83906046107003,0.24655184784952913
-5.829056111352762,0.25717862343152986
-5.819051761635494,0.26813861717789716
-5.809047411918225,0.2792006945795964
-5.7990430622009566,0.29002540832481805
-5.789038712483689,0.30024463519766736
-5.779034362766421,0.3095431304517493
-5.769030013049152,0.3177234345015962
-5.759025663331883,0.32474469509803194
-5.749021313614615,0.33073525907588325
-5.739016963897347,0.3359836057048041
-5.729012614180078,0.34091106501847224
-5.7190082644628095,0.34602559626995383
-5.709003914745542,0.3518536776069969
-5.698999565028274,0.35885092146433994
-5.688995215311005,0.36730136495901505
-5.678990865593736,0.37722621052107
-5.668986515876468,0.38832881965843985
-5.6589821661592,0.3999993163965138
-5.648977816441931,0.4113889928072528
-5.6389734667246625,0.4215463210153437
-5.6289691170073946,0.42958962803476686
-5.618964767290127,0.434882063759384
-5.608960417572858,0.4371743215865616
-5.598956067855589,0.43668769883723196
-5.588951718138321,0.43412075236880965
-5.578947368421053,0.4305741367224963
-5.568943018703784,0.42739957456337335
-5.5589386689865155,0.42599108779350386
-5.5489343192692475,0.4275495729557568
-5.53892996955198,0.432862864709135
-5.528925619834711,0.4421475641515935
-5.518921270117442,0.45499130746254446
-5.508916920400174,0.47041368847225223
-5.498912570682906,0.4870353347808537
-5.488908220965637,0.50331701516136
-5.478903871248368,0.5178142659692219
-5.4688995215311005,0.529393882339363
-5.4588951718138325,0.5373754646323362
-5.448890822096564,0.5415860211006701
-5.438886472379295,0.5423376897838074
-5.428882122662027,0.5403499860637355
-5.418877772944759,0.5366371811875719
-5.40887342322749,0.5323736607652835
-5.398869073510221,0.5287436058860642
-5.3888647237929534,0.5267821952734684
-5.3788603740756855,0.5272241143842641
-5.368856024358417,0.5303859405651585
-5.358851674641148,0.5361137921308935
-5.34884732492388,0.5438204459018274
-5.338842975206612,0.5526165672152433
-5.328838625489343,0.5615145513745946
-5.318834275772074,0.5696601105869958
-5.308829926054806,0.5765349324138525
-5.2988255763375385,0.5820780814277711
-5.28882122662027,0.5866932532168421
-5.278816876903001,0.5911377126856399
-5.268812527185733,0.5963186405863627
-5.258808177468465,0.6030458849476105
-5.248803827751196,0.6118011776859096
-5.238799478033927,0.6225802175234071
-5.228795128316659,0.634846420331723
-5.2187907785993914,0.6476075942742711
-5.208786428882123,0.6595960891114526
-5.198782079164854,0.6695074519039251
-5.188777729447586,0.6762399694895089
-5.178773379730318,0.6790818241904549
-5.168769030013049,0.6778123204850546
-5.15876468029578,0.6727113127003026
-5.148760330578512,0.6644959774438005
-5.138755980861244,0.6542172370255045
-5.128751631143976,0.6431459348620969
-5.118747281426707,0.6326650831417392
-5.108742931709439,0.624168170050402
-5.098738581992171,0.618954062202911
-5.088734232274902,0.6181113288370857
-5.078729882557633,0.6223967334371218
-5.068725532840365,0.6321265734964409
-5.058721183123097,0.6471068420969663
-5.0487168334058286,0.6666239848439043
-5.03871248368856,0.6895038194059798
-5.028708133971292,0.7142287043109162
-5.018703784254024,0.739090350132017
-5.008699434536755,0.7623527514773365
-4.998695084819486,0.7824060776169894
-4.988690735102218,0.7979027271119945
-4.97868638538495,0.8078743615948631
-4.9686820356676815,0.8118291620719761
-4.958677685950413,0.809822058239991
-4.948673336233145,0.8024819534707873
-4.938668986515877,0.7909755861531383
-4.928664636798608,0.7768927139998238
-4.918660287081339,0.7620527653100257
-4.908655937364071,0.7482551439078649
-4.898651587646803,0.7370166883898227
-4.8886472379295345,0.7293522412684074
-4.878642888212266,0.7256518889936286
-4.868638538494998,0.7256895867114374
-4.85863418877773,0.7287662620307656
-4.848629839060461,0.7339543621876805
-4.838625489343192,0.7403808373165485
-4.828621139625924,0.7474716362433143
-4.818616789908656,0.7550887086126832
-4.8086124401913874,0.7635194971826722
-4.798608090474119,0.7733212249073351
-4.788603740756851,0.7850652694228107
-4.778599391039583,0.7990571140481638
-4.768595041322314,0.8151152742463216
-4.758590691605045,0.8324761409508533
-4.748586341887777,0.8498567851306188
-4.738581992170509,0.8656657913529816
-4.72857764245324,0.8783153734749001
-4.718573292735972,0.8865651330203738
-4.708568943018704,0.8898219377703083
-4.698564593301436,0.8883296313942519
-4.688560243584167,0.8832024009519455
-4.678555893866898,0.876282689599337
-4.66855154414963,0.8698358335682299
-4.658547194432362,0.8661265140208418
-4.648542844715093,0.8669521810017901
-4.638538494997825,0.8732286671410346
-4.628534145280557,0.8847249857722128
-4.618529795563289,0.9000221144728582
-4.60852544584602,0.9167252680810192
-4.598521096128751,0.931900023315483
-4.588516746411483,0.9426455266561231
-4.578512396694215,0.9466802404298436
-4.568508046976946,0.9428097002973785
-4.5585036972596775,0.9311742293956758
-4.54849934754241,0.913229141545119
-4.538494997825142,0.8914743121288431
-4.528490648107873,0.8690056048585693
-4.518486298390604,0.8489931885607722
-4.508481948673336,0.8341953549601568
-4.498477598956068,0.8265943478124697
-4.488473249238799,0.827202876795946
-4.4784688995215305,0.8360486249998981
-4.4684645498042626,0.8523094262181067
-4.458460200086995,0.8745497110108716
-4.448455850369726,0.9010004485611657
-4.438451500652457,0.9298280758476237
-4.428447150935189,0.9593494972594121
-4.418442801217921,0.9881669990026943
-4.408438451500652,1.0152161442680219
-4.3984341017833835,1.0397386104157533
-4.3884297520661155,1.061207107815894
-4.378425402348848,1.0792372839364157
-4.368421052631579,1.0935192190232053
-4.35841670291431,1.1037889498980367
-4.348412353197042,1.1098424173686212
-4.338408003479774,1.111577239115056
-4.328403653762505,1.109038771789734
-4.318399304045236,1.1024496322812702
-4.3083949543279685,1.092214172482941
-4.2983906046107005,1.078904354067508
-4.288386254893432,1.0632425801694902
-4.278381905176163,1.046094933092461
-4.268377555458895,1.028475768248234
-4.258373205741627,1.0115485674021343
-4.248368856024358,0.9965977367324186
-4.238364506307089,0.9849486437742045
-4.2283601565898215,0.9778295057047898
-4.2183558068725535,0.9761928923345818
-4.208351457155285,0.9805365975582976
-4.198347107438016,0.990773855078185
-4.188342757720748,1.0061962675107925
-4.17833840800348,1.0255508757463743
-4.168334058286211,1.047222744948805
-4.158329708568943,1.069486204833425
-4.148325358851675,1.0907702530166425
-4.1383210091344065,1.109881295456478
-4.128316659417138,1.1261388336753488
-4.11831230969987,1.1394021479167629
-4.108307959982602,1.1499917408942943
-4.098303610265333,1.1585319975896882
-4.088299260548064,1.1657567805106857
-4.078294910830796,1.1723252663292412
-4.068290561113528,1.178690664614839
-4.0582862113962594,1.1850502692851956
-4.048281861678991,1.1913838131025383
-4.038277511961723,1.1975625775750605
-4.028273162244455,1.2034903898346125
-4.018268812527186,1.2092264235143844
-4.008264462809917,1.2150437002100223
-3.998260113092649,1.2213969971723033
-3.9882557633753803,1.2288043951585323
-3.9782514136581124,1.2376781386253422
-3.9682470639408436,1.2481615866437727
-3.9582427142235757,1.2600313761402235
-3.948238364506307,1.2727053471648035
-3.938234014789039,1.2853626576717203
-3.92822966507177,1.2971441672586028
-3.918225315354502,1.3073720140431957
-3.9082209656372333,1.3157180254812308
-3.8982166159199654,1.3222650899076742
-3.8882122662026966,1.3274393329174958
-3.8782079164854286,1.3318324536090365
-3.86820356676816,1.3359688076820777
-3.858199217050892,1.3400893633556992
-3.848194867333623,1.344019802101468
-3.838190517616355,1.3471658972984224
-3.8281861678990863,1.3486446716908043
-3.8181818181818183,1.347525183321856
-3.8081774684645495,1.3431265240477155
-3.7981731187472816,1.3353072063308624
-3.7881687690300128,1.3246803983645192
-3.778164419312745,1.3127020738179431
-3.768160069595476,1.3016016466297542
-3.758155719878208,1.2941537386710988
-3.7481513701609392,1.2933206990628268
-3.7381470204436713,1.3018223096501327
-3.7281426707264025,1.3217055232934776
-3.7181383210091346,1.3539887441287388
-3.7081339712918657,1.398441517540917
-3.698129621574598,1.4535352402478035
-3.688125271857329,1.516570161536277
-3.678120922140061,1.5839553990396638
-3.668116572422792,1.6515969252979108
-3.6581122227055243,1.7153357610598363
-3.6481078729882555,1.7713751370289756
-3.6381035232709875,1.81664055539113
-3.6280991735537187,1.8490298073768592
-3.6180948238364508,1.8675299116353643
-3.608090474119182,1.872201926840339
-3.598086124401914,1.8640578568506934
-3.588081774684645,1.844870353200285
-3.5780774249673772,1.8169605612360933
-3.5680730752501084,1.783000697806664
-3.5580687255328405,1.7458490341059139
-3.5480643758155717,1.7084130506165167
-3.5380600260983037,1.673519968327425
-3.528055676381035,1.6437688981660834
-3.518051326663767,1.621347460392778
-3.508046976946498,1.6078152375848405
-3.49804262722923,1.603880730032313
-3.4880382775119614,1.6092198672177016
-3.4780339277946934,1.6223949981097945
-3.4680295780774246,1.6409276982562582
-3.4580252283601567,1.6615541061152526
-3.448020878642888,1.6806504512339233
-3.43801652892562,1.6947679487230132
-3.428012179208351,1.7011747451191124
-3.418007829491083,1.6982840974832107
-3.4080034797738143,1.6858637816734232
-3.3979991300565464,1.6649724887307524
-3.3879947803392776,1.637641963450147
-3.3779904306220097,1.6063957385042102
-3.367986080904741,1.5737411369077856
-3.357981731187473,1.5417733341379274
-3.347977381470204,1.511986925320517
-3.337973031752936,1.485316950402095
-3.3279686820356673,1.462354306308437
-3.3179643323183994,1.4436272694399912
-3.3079599826011306,1.4298288407676731
-3.2979556328838626,1.4218999560987178
-3.287951283166594,1.420936821198554
-3.277946933449326,1.4279534920666026
-3.267942583732057,1.4435760089911376
-3.257938234014789,1.4677589213244235
-3.2479338842975203,1.4995990448031917
-3.2379295345802523,1.5372861428234674
-3.2279251848629835,1.5781922937928454
-3.2179208351457156,1.6190748656316454
-3.2079164854284468,1.6563581432595553
-3.197912135711179,1.686462394820443
-3.18790778599391,1.7061571245682785
-3.177903436276642,1.712917790732314
-3.1678990865593732,1.7052578937364464
-3.1578947368421053,1.6829942477860471
-3.1478903871248365,1.6473916785460212
-3.1378860374075686,1.6011348719059415
-3.1278816876902997,1.5480959012389128
-3.117877337973032,1.4929044168708143
-3.107872988255763,1.4403738704050653
-3.097868638538495,1.3948770919715634
-3.087864288821226,1.3597843696191392
-3.0778599391039583,1.3370690053271233
-3.0678555893866895,1.327149910563116
-3.0578512396694215,1.3289874036853493
-3.0478468899521527,1.3403917557675
-3.0378425402348848,1.3584599109181648
-3.027838190517616,1.3800360754633347
-3.017833840800348,1.402101069141147
-3.007829491083079,1.4220293214779203
-2.9978251413658112,1.4376996348183553
-2.9878207916485424,1.4474909565767706
-2.9778164419312745,1.4502231101841025
-2.9678120922140057,1.4451062140092659
-2.9578077424967377,1.4317416043552056
-2.947803392779469,1.4101805118488628
-2.937799043062201,1.3810092656596502
-2.927794693344932,1.3454065008051976
-2.917790343627664,1.3051183787688254
-2.9077859939103954,1.2623225227008301
-2.8977816441931274,1.2193908595748304
-2.8877772944758586,1.1786003975767807
-2.8777729447585907,1.1418637602939379
-2.8677685950413228,1.1105489365775376
-2.857764245324054,1.0854309386592897
-2.847759895606786,1.066776966366074
-2.837755545889517,1.054526310695854
-2.8277511961722492,1.0485005191844428
-2.8177468464549804,1.0485758809245331
-2.8077424967377125,1.0547681535462974
-2.7977381470204437,1.06721062237469
-2.7877337973031757,1.0860398187111737
-2.777729447585907,1.1112284627817615
-2.767725097868639,1.14241653614905
-2.75772074815137,1.1787878958741083
-2.747716398434102,1.2190245684048693
-2.7377120487168334,1.261349143830491
-2.7277076989995654,1.3036436665324385
-2.7177033492822966,1.3436169223909673
-2.7076989995650287,1.3789855046093031
-2.69769464984776,1.407639185237081
-2.687690300130492,1.4277755778738448
-2.677685950413223,1.4380063521965987
-2.667681600695955,1.4374486934187793
-2.6576772509786863,1.4258143732505706
-2.6476729012614184,1.4034936910674265
-2.6376685515441496,1.3716094360959061
-2.6276642018268817,1.3319993834501453
-2.617659852109613,1.287086996645578
-2.607655502392345,1.2396242651271665
-2.597651152675076,1.1923320514198996
-2.587646802957808,1.1475061313125507
-2.5776424532405393,1.1066822322559808
-2.5676381035232714,1.0704475768075739
-2.5576337538060026,1.0384491000836626
-2.5476294040887346,1.009592575735242
-2.537625054371466,0.9823733283783304
-2.527620704654198,0.9552477312953159
-2.517616354936929,0.9269552053480195
-2.507612005219661,0.8967294099672821
-2.4976076555023923,0.8643803731914327
-2.4876033057851243,0.8302684708888284
-2.4775989560678555,0.7952129615733518
-2.4675946063505876,0.7603783410727686
-2.4575902566333188,0.7271668776212415
-2.447585906916051,0.6971263188101372
-2.437581557198782,0.6718679503614469
-2.427577207481514,0.652986339943227
-2.4175728577642452,0.6419760854565778
-2.4075685080469773,0.6401468081093236
-2.3975641583297085,0.6485402378229516
-2.3875598086124405,0.6678512071498076
-2.3775554588951717,0.6983505747238029
-2.367551109177904,0.7398070369433349
-2.357546759460635,0.7914090885467306
-2.347542409743367,0.8516968427094769
-2.337538060026098,0.9185217432389585
-2.3275337103088303,0.9890559164484792
-2.3175293605915614,1.0598701355934614
-2.3075250108742935,1.1270915558633057
-2.2975206611570247,1.1866425617161027
-2.2875163114397568,1.234552150640955
-2.277511961722488,1.2673206071982568
-2.26750761200522,1.2823048481249195
-2.257503262287951,1.2780756621332539
-2.2474989125706832,1.2546835373667007
-2.2374945628534144,1.2137653781703768
-2.2274902131361465,1.1584387732952253
-2.2174858634188777,1.0929666377826293
-2.2074815137016097,1.0222266188801623
-2.197477163984341,0.9510715109200594
-2.187472814267073,0.8837008018382378
-2.177468464549804,0.8231658892912967
-2.167464114832536,0.7711000026656465
-2.1574597651152674,0.7277084070537393
-2.1474554153979994,0.6919932576983794
-2.1374510656807306,0.6621394178805601
-2.1274467159634627,0.6359649566395723
-2.117442366246194,0.6113448808459276
-2.107438016528926,0.58654161855472
-2.097433666811657,0.5604089168627964
-2.087429317094389,0.5324661374635975
-2.0774249673771203,0.502861124885368
-2.0674206176598524,0.47225096861691646
-2.0574162679425836,0.4416336103183549
-2.0474119182253157,0.4121624978549841
-2.037407568508047,0.3849731423405841
-2.027403218790779,0.3610446877252922
-2.01739886907351,0.34111117160785365
-2.007394519356242,0.32562660254162723
-1.9973901696389733,0.3147772056976348
-1.9873858199217054,0.30852580748954367
-1.9773814702044366,0.3066694185892654
-1.9673771204871686,0.3088921959769832
-1.9573727707698998,0.314801054214873
-1.9473684210526319,0.3239382930570502
-1.937364071335363,0.33577284973638893
-1.927359721618095,0.3496779949351077
-1.9173553719008263,0.36490787899210575
-1.9073510221835583,0.38058774867284745
-1.8973466724662895,0.3957320031386344
-1.8873423227490216,0.4092995515898314
-1.8773379730317528,0.4202869368760765
-1.8673336233144848,0.4278478223636446
-1.857329273597216,0.43141602215791064
-1.847324923879948,0.43080262732460967
-1.8373205741626792,0.42623952759750233
-1.8273162244454113,0.4183527094813098
-1.8173118747281425,0.40806650422427304
-1.8073075250108745,0.39645884112039814
-1.7973031752936057,0.3846009345796647
-1.7872988255763378,0.3734177505525291
-1.777294475859069,0.36359685353485427
-1.767290126141801,0.3555560012562053
-1.7572857764245322,0.3494605739278475
-1.7472814267072643,0.34526788229822547
-1.7372770769899955,0.342771872957019
-1.7272727272727275,0.34162982997554253
-1.7172683775554587,0.34136861783062655
-1.7072640278381908,0.34138454779424315
-1.697259678120922,0.34096019636238506
-1.687255328403654,0.33931845984502423
-1.6772509786863852,0.33571921696686635
-1.6672466289691172,0.32958329242803325
-1.6572422792518484,0.32061130686864325
-1.6472379295345805,0.3088598217697009
-1.6372335798173117,0.29474729417619644
-1.6272292301000437,0.27898429383282264
-1.617224880382775,0.26244737492033715
-1.607220530665507,0.24603372736143858
-1.5972161809482381,0.23053726231013297
-1.5872118312309702,0.21657528967867273
-1.5772074815137014,0.20457380789582366
-1.5672031317964334,0.19479757485501567
-1.5571987820791646,0.18739711924250216
-1.5471944323618967,0.18244351498244385
-1.5371900826446279,0.1799326707015765
-1.52718573292736,0.1797590501734499
-1.517181383210091,0.18167668345026025
-1.5071770334928232,0.18527598969655706
-1.4971726837755543,0.19000412084399979
-1.4871683340582864,0.1952443422525382
-1.4771639843410176,0.20045069886389053
-1.4671596346237497,0.20531481684483996
-1.4571552849064808,0.20992911357501598
-1.447150935189213,0.21490914421331261
-1.437146585471944,0.2214470594074737
-1.4271422357546761,0.2312836879020654
-1.4171378860374073,0.24660199898593746
-1.4071335363201394,0.26985415400220236
-1.3971291866028706,0.30353629939927973
-1.3871248368856026,0.3499224635368611
-1.3771204871683338,0.41076704128867836
-1.3671161374510659,0.48698968486598426
-1.357111787733797,0.5783687509072786
-1.347107438016529,0.6832865200651057
-1.3371030882992603,0.7985837682800873
-1.3270987385819923,0.919584211203571
-1.3170943888647235,1.0403345422479602
-1.3070900391474556,1.1540722898861053
-1.2970856894301868,1.253887124504449
-1.2870813397129188,1.3334926368649793
-1.27707698999565,1.387988592873383
-1.267072640278382,1.4144803064046245
-1.2570682905611132,1.412438632917441
-1.2470639408438453,1.3837296423288132
-1.2370595911265765,1.3323073743276637
-1.2270552414093086,1.263630329572241
-1.2170508916920397,1.1839151943743922
-1.2070465419747718,1.0993663202620807
-1.197042192257503,1.015511439276596
-1.187037842540235,0.9367375219356796
-1.1770334928229662,0.8660681067473779
-1.1670291431056983,0.8051707992444026
-1.1570247933884295,0.7545446918121864
-1.1470204436711615,0.7138192515339302
-1.1370160939538927,0.6820976243161677
-1.1270117442366248,0.6582909148395104
-1.117007394519356,0.6414065283558521
-1.107003044802088,0.6307665302716775
-1.0969986950848192,0.6261399682585507
-1.0869943453675512,0.6277797070077826
-1.0769899956502824,0.6363643586640177
-1.0669856459330145,0.6528613054184996
-1.0569812962157457,0.6783443107056053
-1.0469769464984777,0.7138112856763703
-1.036972596781209,0.7600467920165861
-1.026968247063941,0.8175570263824002
-1.0169638973466721,0.8865771680561909
-1.0069595476294042,0.9671231941941747
-0.9969551979121354,1.0590448974871072
-0.9869508481948674,1.1620411600908633
-0.9769464984775986,1.2756207999172067
-0.9669421487603307,1.3990222867638602
-0.9569377990430619,1.5311294932377466
-0.9469334493257939,1.6704275789504361
-0.9369290996085251,1.815030239492174
-0.9269247498912572,1.9627828597761656
-0.9169204001739883,2.111417144950973
-0.9069160504567204,2.258713254669916
-0.8969117007394516,2.4026223597851795
-0.8869073510221837,2.5413160581456076
-0.8769030013049148,2.67315347339964
-0.8668986515876469,2.7965833612161504
-0.8568943018703781,2.91001876743463
-0.8468899521531101,3.0117301900323974
-0.8368856024358413,3.099798212412799
-0.8268812527185734,3.1721503799915123
-0.8168769030013046,3.2266845859690068
-0.8068725532840366,3.261458602204452
-0.7968682035667678,3.2749086077942446
-0.7868638538494999,3.266053014619766
-0.776859504132231,3.2346432670604717
-0.7668551544149631,3.1812389861479953
-0.7568508046976943,3.107205994966644
-0.7468464549804263,3.014655419567299
-0.7368421052631575,2.9063531831045046
-0.7268377555458896,2.7856273619245076
-0.7168334058286208,2.6562863545945836
-0.7068290561113528,2.5225392185917217
-0.696824706394084,2.388890050004013
-0.6868203566768161,2.25997023280312
-0.6768160069595472,2.140281319084426
-0.6668116572422793,2.0338464855594944
-0.6568073075250105,1.9438029018756946
-0.6468029578077426,1.8720000417754383
-0.6367986080904737,1.8186889810542364
-0.6267942583732058,1.7823874993107471
-0.616789908655937,1.759983274085709
-0.606785558938669,1.747096318487274
-0.5967812092214002,1.7386703465990931
-0.5867768595041323,1.729711896677583
-0.5767725097868635,1.716057231055407
-0.5667681600695955,1.695029986362679
-0.5567638103523267,1.6658631695112185
-0.5467594606350588,1.6297976871523874
-0.5367551109177899,1.5898299275252095
-0.526750761200522,1.5501507242826398
-0.5167464114832532,1.5153813508964373
-0.5067420617659852,1.4897532545758199
-0.4967377120487164,1.4763860607485884
-0.4867333623314485,1.4767905449405918
-0.47672901261417966,1.4906673647641482
-0.4667246628969117,1.5160041729019083
-0.4567203131796429,1.5494125411885025
-0.44671596346237497,1.5866083550361785
-0.43671161374510614,1.6229331228122919
-0.4267072640278382,1.653836203547312
-0.4167029143105694,1.675276921621466
-0.40669856459330145,1.684043806989512
-0.3966942148760326,1.6780105088325241
-0.3866898651587647,1.656346689602982
-0.37668551544149587,1.6196804022658264
-0.36668116572422793,1.5701784559926037
-0.3566768160069591,1.5114898809491462
-0.3466724662896912,1.4484990933239896
-0.33666811657242235,1.386865245744326
-0.3266637668551544,1.3323762621101403
-0.3166594171378865,1.2902038440171857
-0.30665506742061766,1.2641887408943455
-0.2966507177033497,1.2562968507591616
-0.2866463679860809,1.2663594899392856
-0.27664201826881296,1.2921515134428498
-0.26663766855154414,1.3297856569542428
-0.2566333188342762,1.3743320939796668
-0.24662896911700738,1.420527988873604
-0.23662461939973944,1.4634338198161359
-0.22662026968247062,1.4989215303950094
-0.21661591996520269,1.5239339955047795
-0.20661157024793386,1.5365190138522395
-0.19660722053066593,1.5356956361541771
-0.1866028708133971,1.5212413757738605
-0.17659852109612917,1.493488854740823
-0.16659417137886035,1.4531926284479948
-0.1565898216615924,1.401483035634788
-0.1465854719443236,1.3398806386986992
-0.13658112222705565,1.2703181041953626
-0.12657677250978683,1.1951156402368392
-0.11657242279251889,1.116880537551604
-0.10656807307525007,1.0383399365895702
-0.09656372335798213,0.9621515727618769
-0.08655937364071331,0.890753663599768
-0.07655502392344538,0.8263038207094668
-0.06655067420617655,0.7707212503980151
-0.05654632448890862,0.7258008025473718
-0.046541974771639794,0.6933309828016141
-0.03653762505437186,0.6751369948066168
-0.026533275337103035,0.6729900741191921
-0.0165289256198351,0.6883688126562965
-0.006524575902566276,0.7221101822606223
0.003479773814701659,0.7740285771125559
0.013484123531970482,0.8425971322312262
0.023488473249239306,0.9247741276970217
0.03349282296650635,1.0160259928656905
0.043497172683775176,1.1105601893571313
0.053501522401044,1.2017477452636147
0.06350587211831282,1.2826920016986487
0.07351022183557987,1.3468858561703494
0.0835145715528487,1.3888893917337866
0.09351892127011752,1.404949648024152
0.10352327098738634,1.3934761377785958
0.11352762070465339,1.355286847464093
0.12353197042192221,1.2935589579074291
0.13353632013919103,1.2134611740574424
0.14354066985645986,1.1215058478892426
0.1535450195737269,1.0247242030263055
0.16354936929099573,0.9298160437326862
0.17355371900826455,0.8424374522406308
0.18355806872553337,0.766757627344221
0.19356241844280042,0.7053459026133804
0.20356676816006924,0.6593628359565228
0.21357111787733807,0.628952743313474
0.2235754675946069,0.6136935481280588
0.23357981731187394,0.6129653166904552
0.24358416702914276,0.6261465589300111
0.2535885167464116,0.652617877068479
0.2635928664636804,0.6916195283482293
0.27359721618094746,0.7420499400072369
0.2836015658982163,0.8022951314522928
0.2936059156154851,0.8701488830031808
0.3036102653327539,0.9428376029097738
0.313614615050021,1.0171241181392288
0.3236189647672898,1.0894478223242985
0.3336233144845586,1.1560690942362828
0.34362766420182744,1.2132141293550804
0.3536320139190945,1.2572440056197225
0.3636363636363633,1.2848810635653651
0.37364071335363214,1.2935080444554645
0.38364506307090096,1.2815162617034035
0.393649412788168,1.2486354328801432
0.40365376250543683,1.1961507312754551
0.41365811222270565,1.1269176189879169
0.4236624619399745,1.0451249377212553
0.4336668116572415,0.9558202269889756
0.44367116137451035,0.8642773061915062
0.45367551109177917,0.7753324493622014
0.463679860809048,0.692826812807626
0.47368421052631504,0.6192663368353012
0.48368856024358386,0.5557558211053863
0.4936929099608527,0.5021989224866533
0.5036972596781215,0.45769916169346925
0.5137016093953886,0.4210621210550913
0.5237059591126574,0.3912906971156134
0.5337103088299262,0.3679800241727634
0.543714658547195,0.35154781854889033
0.5537190082644621,0.343269742099219
0.5637233579817309,0.34512068352037983
0.5737277076989997,0.35944820458510607
0.5837320574162685,0.3885237149294488
0.5937364071335356,0.43403164900261276
0.6037407568508044,0.4965679020337447
0.6137451065680732,0.57522501883184
0.6237494562853421,0.667340114214405
0.6337538060026091,0.7684685073129754
0.6437581557198779,0.8726192826193445
0.6537625054371468,0.9727497402296601
0.6637668551544156,1.0614698655198491
0.6737712048716826,1.1318651616433795
0.6837755545889515,1.1783170691504845
0.6937799043062203,1.197192812043997
0.7037842540234891,1.1872935808141556
0.7137886037407561,1.1499881084651737
0.723792953458025,1.0890098964867352
0.7337973031752938,1.0099506750241918
0.7438016528925626,0.9195308136677612
0.7538060026098297,0.824761945110682
0.7638103523270985,0.7321327684121215
0.7738147020443673,0.6469427335617839
0.7838190517616361,0.5728797003538115
0.7938234014789032,0.5118903395387434
0.803827751196172,0.4643344988578096
0.8138321009134408,0.429359563365749
0.8238364506307096,0.40539165612312805
0.8338408003479767,0.3906276946427006
0.8438451500652455,0.3834288994073159
0.8538494997825143,0.38255649249790225
0.8638538494997832,0.387240914766772
0.8738581992170502,0.39712094444900853
0.883862548934319,0.412115194076028
0.8938668986515879,0.43228917896136876
0.9038712483688567,0.4577590241675605
0.9138755980861237,0.4886382960880017
0.9238799478033926,0.5250019655094854
0.9338842975206614,0.5668247697182079
0.9438886472379302,0.613858055728971
0.9538929969551972,0.6654384124195938
0.9638973466724661,0.7202627747365725
0.9739016963897349,0.7762019754668924
0.9839060461070037,0.8302413732134567
0.9939103958242708,0.8786226063570798
1.0039147455415396,0.9172146857601913
1.0139190952588084,0.9420771183313639
1.0239234449760772,0.9501125459271297
1.0339277946933443,0.9396634434700637
1.043932144410613,0.9109031021248213
1.053936494127882,0.865910203520245
1.0639408438451508,0.8083897339717423
1.0739451935624178,0.7430903727885588
1.0839495432796866,0.67504438761626
1.0939538929969554,0.608798261668157
1.1039582427142243,0.5477989810390288
1.1139625924314913,0.4940544909444272
1.1239669421487601,0.44811267548549444
1.133971291866029,0.40932422106281136
1.1439756415832978,0.37629344935091535
1.1539799913005648,0.3473926080987098
1.1639843410178337,0.32122243530031036
1.1739886907351025,0.2969369461032025
1.1839930404523713,0.27439813045684247
1.1939973901696384,0.25417053217172925
1.2040017398869072,0.23739515551872054
1.214006089604176,0.22559301729161402
1.2240104393214448,0.22044411465160924
1.2340147890387119,0.22357464133711497
1.2440191387559807,0.23637099347291324
1.2540234884732495,0.2598278319821017
1.2640278381905183,0.2944303643692157
1.2740321879077854,0.3400672634844586
1.2840365376250542,0.3959693136622947
1.294040887342323,0.4606699928890293
1.3040452370595919,0.5319884962278462
1.314049586776859,0.6070433311980479
1.3240539364941277,0.6823138150141752
1.3340582862113965,0.7537735571466629
1.3440626359286654,0.8171191077090129
1.3540669856459324,0.8681042275333472
1.3640713353632012,0.9029651099949164
1.37407568508047,0.9188890655765546
1.384080034797739,0.9144484842537228
1.394084384515006,0.889905667446316
1.4040887342322748,0.8473027076537597
1.4140930839495436,0.7902873429971514
1.4240974336668124,0.7236838718525109
1.4341017833840795,0.6528816413052843
1.4441061331013483,0.5831618652801978
1.454110482818617,0.5190995586992664
1.464114832535886,0.46415472483637565
1.474119182253153,0.42051280665642987
1.4841235319704218,0.38916712625769073
1.4941278816876906,0.3701778232031632
1.5041322314049594,0.36301019897974995
1.5141365811222265,0.36685696862214917
1.5241409308394953,0.3808779486714417
1.5341452805567641,0.4043326549695238
1.544149630274033,0.43661945493672216
1.5541539799913,0.47725701550062655
1.5641583297085688,0.5258458312570745
1.5741626794258377,0.5820340831984915
1.5841670291431065,0.6454927143141646
1.5941713788603735,0.7158896533259004
1.6041757285776423,0.7928490121310161
1.6141800782949112,0.8758882956072985
1.62418442801218,0.9643402478827291
1.634188777729447,1.0572783336315286
1.6441931274467159,1.1534694866959179
1.6541974771639847,1.251372200616017
1.6642018268812535,1.349185009122512
1.6742061765985206,1.444936464174606
1.6842105263157894,1.536599959614635
1.6942148760330582,1.622218962000293
1.704219225750327,1.7000383647191737
1.714223575467594,1.7686482770064427
1.724227925184863,1.8271482113690587
1.7342322749021317,1.8753265207417757
1.7442366246194005,1.9138243809780124
1.7542409743366676,1.9442269375588501
1.7642453240539364,1.9690126144682805
1.7742496737712052,1.9913082274989486
1.784254023488474,2.0144448540304833
1.794258373205741,2.0413753455087464
1.80426272292301,2.074075532892919
1.8142670726402788,2.1130818776215823
1.8242714223575476,2.157301740720222
1.8342757720748146,2.204168770421007
1.8442801217920834,2.2501235504798913
1.8542844715093523,2.2913087360977835
1.864288821226621,2.324308808484206
1.8742931709438881,2.346756375134994
1.884297520661157,2.357670596584857
1.8943018703784258,2.3574722463436735
1.9043062200956946,2.347707228653234
1.9143105698129617,2.330579413734876
1.9243149195302305,2.308427132950979
1.9343192692474993,2.283272115599229
1.9443236189647681,2.256533845051318
1.9543279686820352,2.228951646333184
1.964332318399304,2.2007065126536283
1.9743366681165728,2.1716950532634476
1.9843410178338416,2.141883133749865
1.9943453675511087,2.1116564327699714
2.0043497172683775,2.08208730644629
2.0143540669856463,2.055050623633043
2.024358416702915,2.033145090699128
2.034362766420182,2.019410130755914
2.044367116137451,2.016868569114427
2.05437146585472,2.0279659536570493
2.0643758155719887,2.054009374921952
2.0743801652892557,2.0947226791194016
2.0843845150065246,2.1480241081139275
2.0943888647237934,2.2100953725229036
2.104393214441062,2.2757539881360724
2.1143975641583292,2.33907615925487
2.124401913875598,2.3941620229051055
2.134406263592867,2.4359038268419737
2.1444106133101357,2.4606192452279316
2.1544149630274028,2.4664453395745753
2.1644193127446716,2.453442833484643
2.1744236624619404,2.4234190104807
2.1844280121792092,2.379525047523118
2.1944323618964763,2.3257108631386902
2.204436711613745,2.2661274709718042
2.214441061331014,2.204560283611086
2.2244454110482828,2.1439654820609215
2.23444976076555,2.086170330839846
2.2444541104828186,2.031785493435784
2.2544584602000874,1.9803564359762293
2.2644628099173545,1.9307458340715924
2.2744671596346233,1.8816900449727243
2.284471509351892,1.8324205593626695
2.294475859069161,1.78320418228563
2.304480208786428,1.7356526268807797
2.314484558503697,1.692693912144468
2.3244889082209657,1.6581795710106888
2.3344932579382345,1.636201745646508
2.3444976076555015,1.6302810733442448
2.3545019573727703,1.6426295094429444
2.364506307090039,1.6736750000424276
2.374510656807308,1.7219610222117065
2.384515006524575,1.7844271261187648
2.394519356241844,1.8569716060298387
2.4045237059591127,1.935127568652617
2.4145280556763815,2.01466903207127
2.4245324053936486,2.0920051283760026
2.4345367551109174,2.164300893608918
2.444541104828186,2.2293546475804935
2.454545454545455,2.285335768673788
2.464549804262722,2.3305217734307284
2.474554153979991,2.3631622341677567
2.4845585036972597,2.3815456536816018
2.4945628534145285,2.384271725384894
2.5045672031317956,2.3706587796201197
2.5145715528490644,2.3411665267513353
2.5245759025663332,2.297701375361856
2.534580252283602,2.2436976327769367
2.544584602000869,2.1839228804135535
2.554588951718138,2.1240220396887244
2.5645933014354068,2.0698731578474674
2.5745976511526756,2.0268648930135766
2.5846020008699426,1.9992157902148937
2.5946063505872115,1.98944162104188
2.6046107003044803,1.9980470505272714
2.614615050021749,2.023480209601573
2.624619399739016,2.0623499930826896
2.634623749456285,2.1098702828321043
2.644628099173554,2.160465699965713
2.6546324488908226,2.2084527068807707
2.6646367986080897,2.248700899810137
2.6746411483253585,2.277184545394602
2.6846454980426273,2.291354302075931
2.694649847759896,2.2902911942966138
2.704654197477163,2.2746437284996577
2.714658547194432,2.2463866438272775
2.724662896911701,2.2084675122884647
2.7346672466289697,2.1644181235278537
2.7446715963462367,2.117998295201393
2.7546759460635055,2.072913469989952
2.7646802957807743,2.0326133698259845
2.774684645498043,2.0001498264848796
2.78468899521531,1.9780591296765602
2.794693344932579,1.968242639414827
2.804697694649848,1.9718441942625855
2.8147020443671167,1.9891509870724957
2.8247063940843837,2.0195605766567497
2.8347107438016526,2.0616501914154464
2.8447150935189214,2.1133558765746328
2.85471944323619,2.172230123650873
2.8647237929534572,2.235715429578629
2.874728142670726,2.301363525754003
2.884732492387995,2.36695148835182
2.8947368421052637,2.4304889644049466
2.9047411918225308,2.490157308019101
2.9147455415397996,2.5442509200488272
2.9247498912570684,2.591189480788758
2.9347542409743372,2.62963598251321
2.9447585906916043,2.6587023198808186
2.954762940408873,2.6781734602702203
2.964767290126142,2.688654907617924
2.9747716398434108,2.6915595124074634
2.984775989560678,2.688897349681947
2.9947803392779466,2.6829004055374512
3.0047846889952154,2.6755772270881906
3.0147890387124843,2.6683270105331798
3.0247933884297513,2.661733339056001
3.03479773814702,2.6556062857105425
3.044802087864289,2.64926477677097
3.054806437581558,2.641975141260664
3.064810787298825,2.6334123313024325
3.0748151370160937,2.624003283807394
3.0848194867333625,2.6150481889538364
3.0948238364506313,2.6085814815833754
3.1048281861678984,2.607007953640405
3.114832535885167,2.6126079713589077
3.124836885602436,2.6270341513805056
3.134841235319705,2.6509161691411767
3.144845585036972,2.683657554543021
3.1548499347542407,2.7234615343531217
3.1648542844715095,2.7675756500172866
3.1748586341887783,2.812706169888089
3.1848629839060454,2.8555268302214154
3.194867333623314,2.893192228702219
3.204871683340583,2.9237640713098103
3.214876033057852,2.9464699932871063
3.224880382775119,2.9617421050153068
3.2348847324923877,2.9710252356184075
3.2448890822096566,2.976396351396734
3.2548934319269254,2.9800835707536737
3.2648977816441924,2.983999854020087
3.2749021313614612,2.9894015393004154
3.28490648107873,2.996744750578789
3.294910830795999,3.005754900655967
3.304915180513266,3.0156656256514447
3.3149195302305348,3.025542850305871
3.3249238799478036,3.034598352933242
3.3349282296650724,3.042414214840657
3.3449325793823395,3.049034042336733
3.3549369290996083,3.054914421399572
3.364941278816877,3.0607595535566308
3.374945628534146,3.067279318620192
3.384949978251413,3.074918372792166
3.394954327968682,3.0836060302195247
3.4049586776859506,3.0925764305510066
3.4149630274032194,3.1003047156472334
3.4249673771204865,3.104593603169909
3.4349717268377553,3.102822360316562
3.444976076555024,3.092337325777248
3.454980426272293,3.0709260421490545
3.46498477598956,3.037286321068573
3.474989125706829,2.991388378189647
3.4849934754240977,2.9346399456264978
3.4949978251413665,2.8698012970119047
3.5050021748586335,2.800651755683038
3.5150065245759023,2.7314677560150336
3.525010874293171,2.6664189460197316
3.53501522401044,2.6090097237087373
3.545019573727707,2.5616822560989707
3.555023923444976,2.5256558281561956
3.5650282731622447,2.5010175960583227
3.5750326228795135,2.487018510818774
3.5850369725967806,2.482482754492793
3.5950413223140494,2.486221453421833
3.605045672031318,2.497354165975417
3.615050021748587,2.515477224843545
3.625054371465854,2.540662548627713
3.635058721183123,2.573309566527647
3.6450630709003917,2.613896958165791
3.6550674206176605,2.6626882441668136
3.6650717703349276,2.719440713061404
3.6750761200521964,2.783158213185121
3.6850804697694652,2.851920649322012
3.695084819486734,2.9228179367973732
3.705089169204001,2.992011110690205
3.71509351892127,3.054934471622835
3.7250978686385388,3.1066380200529733
3.7351022183558076,3.142250054504824
3.7451065680730746,3.157519082149738
3.7551109177903434,3.1493758792085926
3.7651152675076123,3.1164433632515607
3.775119617224881,3.0594157428245983
3.785123966942148,2.981231422562701
3.795128316659417,2.886979668916203
3.805132666376686,2.78351213465864
3.8151370160939546,2.678776640789243
3.8251413658112217,2.580945394717986
3.8351457155284905,2.4974598335405407
3.8451500652457593,2.4341436339460354
3.855154414963028,2.394532187569374
3.865158764680295,2.379528901312279
3.875163114397564,2.3874355522029216
3.885167464114833,2.4143331370780934
3.8951718138321016,2.4547296711383377
3.9051761635493687,2.502354799370411
3.9151805132666375,2.5509715026797823
3.9251848629839063,2.5950887283508486
3.935189212701175,2.630488254486223
3.945193562418442,2.654517626739491
3.955197912135711,2.6661429522060818
3.96520226185298,2.6657949240504424
3.9752066115702487,2.65507143019989
3.9852109612875157,2.636372872566319
3.9952153110047846,2.6125377892062596
4.005219660722053,2.5865200464882823
4.015224010439322,2.5611167088512823
4.025228360156589,2.5387336256266204
4.035232709873858,2.521175407787598
4.045237059591127,2.509467605307142
4.055241409308396,2.5037478688635066
4.065245759025663,2.5032788048196144
4.075250108742932,2.506621544339687
4.0852544584602,2.511964035330854
4.095258808177469,2.517538087172195
4.105263157894736,2.5220120353906483
4.115267507612005,2.5247372357132254
4.125271857329274,2.525766615904559
4.135276207046543,2.525640609428356
4.14528055676381,2.525020807635476
4.155284906481079,2.524310433312025
4.1652892561983474,2.5234088406966717
4.175293605915616,2.5217001694365817
4.185297955632883,2.518290862837802
4.195302305350152,2.5124180787982344
4.205306655067421,2.5038843270855744
4.21531100478469,2.493356425188137
4.225315354501957,2.482405082250942
4.235319704219226,2.473242325932313
4.2453240539364945,2.4682108615680876
4.255328403653763,2.469160663932435
4.26533275337103,2.476887444115717
4.275337103088299,2.4907928298719324
4.285341452805568,2.508862759083777
4.295345802522837,2.5279701815056
4.305350152240104,2.5444204498284977
4.315354501957373,2.554600230696165
4.3253588516746415,2.5555789077441475
4.33536320139191,2.545543896557696
4.345367551109177,2.524011457642539
4.355371900826446,2.491818261257494
4.365376250543715,2.450944373292402
4.375380600260984,2.4042344432888503
4.385384949978251,2.355073340681801
4.39538929969552,2.3070485500149074
4.4053936494127885,2.2636107862160517
4.415397999130057,2.227738290443725
4.425402348847324,2.201621164643187
4.435406698564593,2.1864021417193626
4.445411048281862,2.1820261848347022
4.455415397999131,2.187251151685212
4.465419747716398,2.199849991797299
4.475424097433667,2.216995143684614
4.485428447150936,2.235769091628378
4.495432796868204,2.253705820645089
4.5054371465854715,2.2692487758466497
4.51544149630274,2.282018849508868
4.525445846020009,2.2928206093199788
4.535450195737278,2.3033695209560627
4.545454545454545,2.315785699009513
4.555458895171814,2.331956911884147
4.565463244889083,2.3529116390585276
4.575467594606351,2.3783512873151853
4.5854719443236185,2.406464114033044
4.595476294040887,2.4340847205734186
4.605480643758156,2.4571836897941015
4.615484993475425,2.47159083396446
4.625489343192692,2.473794242399271
4.635493692909961,2.4616339904365288
4.64549804262723,2.4347323215281786
4.6555023923444985,2.394566320016826
4.6655067420617655,2.3441770704921705
4.675511091779034,2.2875964281327246
4.685515441496303,2.229134894050173
4.695519791213572,2.1726959449247354
4.705524140930839,2.1212602854717812
4.715528490648108,2.0766272507540906
4.725532840365377,2.0394281555860414
4.7355371900826455,2.009358754162606
4.745541539799913,1.9855327910900853
4.755545889517181,1.966845611131187
4.76555023923445,1.9522556581066914
4.775554588951719,1.9409329723199362
4.785558938668986,1.932272317590673
4.795563288386255,1.9258085662265363
4.805567638103524,1.9210922727422721
4.815571987820791,1.9175808459432913
4.82557633753806,1.9145806563392436
4.835580687255328,1.91124858877209
4.845585036972597,1.9066394267702562
4.855589386689864,1.8997754439445778
4.865593736407133,1.8897175032206235
4.875598086124402,1.8756276610901723
4.885602435841671,1.8568237984458018
4.895606785558938,1.8328306304310455
4.905611135276207,1.8034267186802035
4.9156154849934754,1.7686774586808935
4.925619834710744,1.728936700483246
4.935624184428011,1.6848017501550934
4.94562853414528,1.637020798429115
4.955632883862549,1.586374452362084
4.965637233579818,1.5335740622770888
4.975641583297085,1.4792268067064356
4.985645933014354,1.4239025184711174
4.9956502827316225,1.3683003865406445
5.005654632448891,1.3134661779691994
5.015658982166158,1.2609715927069425
5.025663331883427,1.2129563670077075
5.035667681600696,1.1719618104408196
5.045672031317965,1.1405475425371898
5.055676381035232,1.120761598578228
5.065680730752501,1.1135989972742346
5.0756850804697695,1.1186087402433822
5.085689430187038,1.1337810830948034
5.095693779904305,1.15577259044219
5.105698129621574,1.1804304554943168
5.115702479338843,1.2034924070585895
5.125706829056112,1.221292082811801
5.135711178773379,1.2313048089811154
5.145715528490648,1.2324195802923374
5.1557198782079166,1.224899736083052
5.165724227925185,1.2100724178525215
5.175728577642452,1.1898448196708402
5.185732927359721,1.1661729287708065
5.19573727707699,1.1406055424605857
5.205741626794259,1.1139991152596496
5.215745976511526,1.0864559807604124
5.225750326228795,1.0574879500308367
5.235754675946064,1.0263570318930182
5.245759025663332,0.9925034505089733
5.2557633753805995,0.9559473333111157
5.265767725097868,0.9175521918894988
5.275772074815137,0.8790686272195042
5.285776424532406,0.8429307850737624
5.295780774249673,0.8118430161247904
5.305785123966942,0.7882519640362669
5.315789473684211,0.7738326421910576
5.325793823401479,0.7691154972535458
5.3357981731187465,0.773345165756571
5.345802522836015,0.7846014334583628
5.355806872553284,0.8001465625428634
5.365811222270553,0.8169094471807463
5.37581557198782,0.8319899841283199
5.385819921705089,0.8430719876056199
5.395824271422358,0.8486659227348089
5.4058286211396265,0.8481523457427314
5.4158329708568935,0.8416485266866951
5.425837320574162,0.8297606819442751
5.435841670291431,0.8133036413490816
5.4458460200087,0.7930662245291833
5.455850369725967,0.7696779604055156
5.465854719443236,0.7435991304920643
5.475859069160505,0.7152208511519295
5.4858634188777735,0.6850331086806617
5.495867768595041,0.653801549917762
5.505872118312309,0.6226906187694091
5.515876468029578,0.5932812243168126
5.525880817746847,0.5674538723431777
5.535885167464114,0.5471399465594554
5.545889517181383,0.5339794080250522
5.555893866898652,0.5289549720515715
5.5658982166159205,0.5320915702787357
5.575902566333188,0.542307276113371
5.585906916050456,0.5574741318633395
5.595911265767725,0.5746984699315593
5.605915615484994,0.5907726944538321
5.615919965202261,0.6027016520513021
5.62592431491953,0.6081833811591428
5.635928664636799,0.6059353110691875
5.645933014354068,0.5958001613910676
5.655937364071335,0.5786267518722714
5.6659417137886035,0.5559794233793524
5.675946063505872,0.529767276344837
5.685950413223141,0.5018911165291519
5.695954762940408,0.4739836986252624
5.705959112657677,0.44727906725219785
5.715963462374946,0.4226049738314226
5.725967812092215,0.4004615363904
5.735972161809482,0.3811359392454972
5.7459765115267505,0.3648063035476154
5.755980861244019,0.35160245825886105
5.765985210961288,0.3416105845530907
5.775989560678555,0.3348273467230731
5.785993910395824,0.33108394076579245
5.795998260113093,0.3299695583535889
5.806002609830362,0.33078558930251106
5.816006959547629,0.33255548833138876
5.8260113092648975,0.33410114135562063
5.836015658982166,0.334177823463657
5.846020008699435,0.3316418604050234
5.856024358416702,0.3256139760195057
5.866028708133971,0.3156012018393559
5.87603305785124,0.3015513347783874
5.886037407568509,0.28383218058080106
5.896041757285776,0.26314664078538363
5.9060461070030446,0.2404079338246048
5.916050456720313,0.21660367500292335
5.926054806437582,0.1926737790937312
5.936059156154849,0.16941856897353794
5.946063505872118,0.14744408492560462
5.956067855589387,0.12714412228481228
5.966072205306656,0.10871371441121405
5.976076555023923,0.09218595191159278
5.986080904741192,0.07748230806196742
5.99608525445846,0.06446581561552842
6.006089604175729,0.05298700676724287
6.016093953892996,0.042915025882403944
6.026098303610265,0.03415059882246613
6.036102653327534,0.026622507158792465
6.046107003044803,0.020273280739386165
6.05611135276207,0.015041679326337157
6.066115702479339,0.010848787228973025
6.0761200521966074,0.007591833297201494
6.086124401913876,0.005146451543045906
6.096128751631143,0.0033753014819788507
6.106133101348412,0.0021395500702015477
6.116137451065681,0.00130976744029047
6.12614180078295,0.0007738583514668977
6.136146150500217,0.00044108203037369616
6.146150500217486,0.0002424437728946143
6.1561548499347545,0.0001284744804295597
6.166159199652023,6.562144610740017e-05
6.17616354936929,3.2301983285017605e-05
6.186167899086559,1.5322233126021695e-05
6.196172248803828,7.0040032598099035e-06
6.206176598521097,3.088312833889521e-06
6.216180948238364,1.3230555533716096e-06
6.226185297955633,5.7798476858781e-07
6.2361896476729015,3.302770964131103e-07
6.24619399739017,3.970313431709404e-07
6.256198347107437,8.360990472067387e-07
6.266202696824706,1.9836132333137393e-06
6.276207046541975,4.6435107940765104e-06
6.286211396259244,1.049262792023692e-05
6.296215745976511,2.281415203227425e-05
6.30622009569378,4.771471975874926e-05
6.3162244454110485,9.599680099639507e-05
6.326228795128317,0.00018581524807303226
6.336233144845584,0.0003461038187691956
6.346237494562853,0.0006204809273275846
6.356241844280122,0.0010709368812251098
6.366246193997391,0.0017801402193484807
6.376250543714658,0.002850843188872433
6.386254893431927,0.004400859432342165
6.396259243149196,0.006552684770214383
6.406263592866464,0.009418176900674164
6.4162679425837315,0.013080691263765596
6.426272292301,0.017579232897217405
6.436276642018269,0.022900760851462264
6.446280991735538,0.028986891548699833
6.456285341452805,0.03575922371540732
6.466289691170074,0.0431632449782703
6.476294040887343,0.05122494919839714
6.486298390604611,0.06010830082790436
6.4963027403218785,0.07015735165703725
6.506307090039147,0.08190587097071264
6.516311439756416,0.09604086568763216
6.526315789473685,0.1133143487086115
6.536320139190952,0.1344089514918038
6.546324488908221,0.15977521893360971
6.55632883862549,0.18946884710690598
6.5663331883427585,0.22302198654554775
6.5763375380600255,0.25938204512258384
6.586341887777294,0.2969434424150472
6.596346237494563,0.33368321026292674
6.606350587211832,0.36739231400399713
6.616354936929099,0.3959743297161761
6.626359286646368,0.417765643430135
6.636363636363637,0.4318208185483155
6.6463679860809055,0.4381067506527711
6.656372335798173,0.43756149679030504
6.666376685515441,0.43199719810467896
6.67638103523271,0.4238569321162067
6.686385384949979,0.4158655388490384
6.696389734667246,0.41063656651419733
6.706394084384515,0.4103054319815091
6.716398434101784,0.4162507856805384
6.7264027838190525,0.4289449568478761
6.73640713353632,0.44794704555856224
6.746411483253588,0.47202657671532866
6.756415832970857,0.49938751297069744
6.766420182688126,0.5279538249468274
6.776424532405393,0.5556768828486522
6.786428882122662,0.5808278121432375
6.796433231839931,0.6022413773239808
6.8064375815572,0.6194811323345493
6.816441931274467,0.6329004036344765
6.8264462809917354,0.6435831811003164
6.836450630709004,0.6531649161144043
6.846454980426273,0.6635541207079763
6.85645933014354,0.6765967122577884
6.866463679860809,0.6937398016963264
6.876468029578078,0.7157547941855014
6.886472379295347,0.7425695515361169
6.896476729012614,0.7732385680428138
6.9064810787298825,0.806054321283304
6.916485428447151,0.8387784837099009
6.92648977816442,0.8689531893402617
6.936494127881687,0.8942421367857266
6.946498477598956,0.9127490596419355
6.956502827316225,0.9232663565406837
6.966507177033494,0.925418880971421
6.976511526750761,0.9196862563220327
6.9865158764680295,0.9073094489202115
6.996520226185298,0.8901093030134147
7.006524575902567,0.8702601974406621
7.016528925619834,0.8500653060889223
7.026533275337103,0.8317690249859871
7.036537625054372,0.8174204294068077
7.046541974771641,0.8087777333708153
7.056546324488908,0.8072280888518223
7.0665506742061766,0.8136972017636491
7.076555023923445,0.8285398140714756
7.086559373640714,0.8514279851166944
7.096563723357981,0.8812771950326056
7.10656807307525,0.9162587921786444
7.116572422792519,0.9539350267635225
7.126576772509788,0.9915221370004331
7.136581122227055,1.0262476754513425
7.146585471944324,1.0557343220854203
7.156589821661592,1.0783263155669127
7.166594171378861,1.0932830113788974
7.176598521096128,1.1007955446632993
7.186602870813397,1.1018281860863695
7.196607220530666,1.0978321219808787
7.206611570247935,1.0904120771852464
7.216615919965202,1.0810354368467152
7.226620269682471,1.07085648898249
7.2366246193997394,1.0606904222565372
7.246628969117008,1.0511246037590307
7.256633318834275,1.042712972913761
7.266637668551544,1.0361756535335034
7.276642018268813,1.0325266437301388
7.286646367986082,1.0330764109471926
7.296650717703349,1.0392952083821814
7.306655067420618,1.052564953567565
7.3166594171378865,1.073880728765668
7.326663766855155,1.10357896157997
7.336668116572422,1.1411648334317843
7.346672466289691,1.185288338871434
7.35667681600696,1.2338827397973264
7.366681165724227,1.2844396615489693
7.376685515441496,1.334361478074157
7.386689865158765,1.3813126668666973
7.3966942148760335,1.4234930552928746
7.406698564593301,1.459777818264935
7.416702914310569,1.4897063110608737
7.426707264027838,1.513344002204921
7.436711613745107,1.5310764622651856
7.446715963462374,1.5434107851595067
7.456720313179643,1.5508523513975871
7.466724662896912,1.5538950766195272
7.4767290126141805,1.5531199675269294
7.486733362331448,1.5493536105416186
7.496737712048716,1.543809802912843
7.506742061765985,1.5381347599014348
7.516746411483254,1.5343021025600283
7.526750761200521,1.5343512542590092
7.53675511091779,1.54001690243349
7.546759460635059,1.552339625141452
7.556763810352328,1.5713639076062922
7.566768160069595,1.5960137451495626
7.5767725097868635,1.6241928462528894
7.586776859504132,1.653099714323862
7.596781209221401,1.6796946282240752
7.606785558938668,1.7012204467581413
7.616789908655937,1.7156703670636801
7.626794258373206,1.722113295160015
7.636798608090475,1.7208242648088883
7.646802957807742,1.7132120144764824
7.6568073075250105,1.7015764041081607
7.666811657242279,1.688755639868686
7.676816006959548,1.6777332277094614
7.686820356676815,1.6712687351338078
7.696824706394084,1.6716003689497079
7.706829056111353,1.6802477910693807
7.716833405828622,1.6979255481396913
7.726837755545889,1.7245629671830858
7.7368421052631575,1.759414819759124
7.746846454980426,1.8012372798394845
7.756850804697695,1.848495698768098
7.766855154414962,1.8995663047565017
7.776859504132231,1.9528957455245162
7.7868638538495,2.0070920779514805
7.796868203566769,2.0609375689711875
7.806872553284036,2.1133340573370862
7.8168769030013046,2.1632105924367404
7.826881252718573,2.2094355928581453
7.836885602435842,2.250778210974899
7.846889952153109,2.285954399856105
7.856894301870378,2.3137731273364177
7.866898651587647,2.333370444838621
7.876903001304916,2.344489265865696
7.886907351022183,2.3477382520563497
7.896911700739452,2.3447522294415806
7.90691605045672,2.3381853686563274
7.916920400173989,2.331498751724585
7.926924749891256,2.3285512501233034
7.936929099608525,2.3330557424136846
7.946933449325794,2.3480065206604626
7.956937799043063,2.3752036544781268
7.96694214876033,2.414986943176999
7.976946498477599,2.4662459824339718
7.9869508481948674,2.5267042677722342
7.996955197912136,2.593402824075906
8.006959547629403,2.663254384659204
8.016963897346674,2.733520862744829
8.026968247063941,2.802093005123678
8.036972596781208,2.867516031022461
8.046976946498479,2.9287895018366847
8.056981296215746,2.985046068843651
8.066985645933013,3.035255250408941
8.076989995650283,3.0780887904570706
8.08699434536755,3.11202483117264
8.096998695084821,3.135678786058747
8.107003044802088,3.148260939436249
8.117007394519355,3.1500061761284797
8.127011744236626,3.1424196793656995
8.137016093953893,3.1282341473388615
8.14702044367116,3.111059871328657
8.15702479338843,3.094798280610797
8.167029143105697,3.082952634587484
8.177033492822968,3.077989051131729
8.187037842540235,3.080877323753587
8.197042192257502,3.0908894903703867
8.207046541974773,3.105676730119461
8.21705089169204,3.1215995952764066
8.227055241409307,3.134259377056181
8.237059591126577,3.1391646201229353
8.247063940843844,3.1324560900815643
8.257068290561115,3.1115988266833647
8.267072640278382,3.0759338185559533
8.27707698999565,3.0269763904978797
8.28708133971292,2.96836858548997
8.297085689430187,2.905446762816245
8.307090039147454,2.844467108831808
8.317094388864724,2.791619580891662
8.327098738581991,2.752025935336138
8.337103088299262,2.728934789407432
8.347107438016529,2.723285768689836
8.357111787733796,2.7337250790007626
8.367116137451067,2.7570425108380334
8.377120487168334,2.7888986894083785
8.3871248368856,2.8246510319422757
8.397129186602871,2.860083373681635
8.407133536320138,2.891895179233637
8.417137886037409,2.917892236190431
8.427142235754676,2.936912071509492
8.437146585471943,2.948584313653234
8.447150935189214,2.953049376744423
8.45715528490648,2.950735725059652
8.467159634623748,2.9422414902464533
8.477163984341018,2.9283059287443516
8.487168334058286,2.909815291106513
8.497172683775556,2.887780372312969
8.507177033492823,2.8632475453850144
8.51718138321009,2.8371461830876683
8.52718573292736,2.810112735577983
8.537190082644628,2.7823497348852495
8.547194432361895,2.7535718282526984
8.557198782079166,2.7230666243679384
8.567203131796433,2.689867467151791
8.577207481513703,2.6530091646194505
8.58721183123097,2.6118217677479785
8.597216180948237,2.5662114375628797
8.607220530665508,2.516877949790834
8.617224880382775,2.465422858260316
8.627229230100042,2.4143110441512334
8.637233579817313,2.3666639622701156
8.64723792953458,2.3258877485256675
8.65724227925185,2.295172578843097
8.667246628969117,2.2769354459482534
8.677250978686384,2.2723068834825444
8.687255328403655,2.2807721252921938
8.697259678120922,2.300061038069078
8.707264027838189,2.3263383026031716
8.71726837755546,2.354683842889092
8.727272727272727,2.379788611006803
8.737277076989997,2.3967402302320213
8.747281426707264,2.4017509043940724
8.757285776424531,2.3926922369678065
8.767290126141802,2.3693438463028764
8.777294475859069,2.3333226144202914
8.787298825576336,2.2877216612696922
8.797303175293607,2.236539314287086
8.807307525010874,2.1840101931219595
8.817311874728144,2.133960186165919
8.827316224445411,2.089295442649861
8.837320574162678,2.0517054837036515
8.847324923879949,2.0216167172525417
8.857329273597216,1.9983819148642623
8.867333623314483,1.9806432437125883
8.877337973031754,1.9667724893070961
8.88734232274902,1.9552818027436019
8.897346672466291,1.9451157699039185
8.907351022183558,1.93577672738775
8.917355371900825,1.9272879762347246
8.927359721618096,1.920047334968315
8.937364071335363,1.914650877592735
8.94736842105263,1.9117648676830619
8.9573727707699,1.912093945655716
8.967377120487168,1.9164465670100912
8.977381470204438,1.9258518215624647
8.987385819921705,1.9416526688198201
8.997390169638972,1.9655008340070865
9.007394519356243,1.9992092260562209
9.01739886907351,2.0444687292901915
9.027403218790777,2.102489785153129
9.037407568508048,2.173666048049634
9.047411918225315,2.2573637152672545
9.057416267942585,2.351912377102023
9.067420617659852,2.45481943277564
9.07742496737712,2.5631670304329557
9.08742931709439,2.6740979495654766
9.097433666811657,2.7852712598064544
9.107438016528924,2.89517772319242
9.117442366246195,3.0032455069274278
9.127446715963462,3.109725728891764
9.137451065680732,3.215406005496924
9.147455415398,3.321240451259931
9.157459765115266,3.4279950648122433
9.167464114832537,3.53598715260895
9.177468464549804,3.6449560078481316
9.187472814267071,3.754055950540737
9.197477163984342,3.861929059985736
9.207481513701609,3.966804579453289
9.21748586341888,4.066586148654237
9.227490213136146,4.158917841426322
9.237494562853414,4.241250594262599
9.247498912570684,4.310947466701473
9.257503262287951,4.3654610145625
9.267507612005218,4.402590105758448
9.277511961722489,4.420786777854831
9.287516311439756,4.419450898983576
9.297520661157026,4.39913502925472
9.307525010874294,4.361591386711499
9.31752936059156,4.3096258306442845
9.327533710308831,4.246770818397931
9.337538060026098,4.1768362403991155
9.347542409743365,4.103429884192023
9.357546759460636,4.029548525637339
9.367551109177903,3.9573239003184852
9.377555458895174,3.8879699656770867
9.38755980861244,3.8219291895525545
9.397564158329708,3.7591686233292827
9.407568508046978,3.699542779980972
9.417572857764245,3.6431277399541298
9.427577207481512,3.590442006112399
9.437581557198783,3.5425010301776196
9.44758590691605,3.5006953838069426
9.45759025663332,3.466525482137006
9.467594606350588,3.4412571229358964
9.477598956067855,3.425574485394478
9.487603305785125,3.419299905688971
9.497607655502392,3.4212286436252666
9.50761200521966,3.4291016425334746
9.51761635493693,3.439718730878297
9.527620704654197,3.449182687721362
9.537625054371468,3.453258848933894
9.547629404088735,3.447829318782929
9.557633753806002,3.4294096663778992
9.567638103523272,3.39567796243994
9.57764245324054,3.3459457904781553
9.587646802957806,3.2814872560339348
9.597651152675077,3.205644085731902
9.607655502392344,3.123647887183782
9.617659852109615,3.0421434196667216
9.627664201826882,2.96845171028531
9.637668551544149,2.909666934879814
9.64767290126142,2.8717227505220855
9.657677250978686,2.858580954977219
9.667681600695953,2.8716817950661975
9.677685950413224,2.909751737188266
9.687690300130491,2.9689991286529054
9.697694649847762,3.0436548966704517
9.707698999565029,3.126751083619092
9.717703349282296,3.2109901040974496
9.727707698999566,3.289551965662504
9.737712048716833,3.3567162646903927
9.7477163984341,3.4082317121036865
9.757720748151371,3.4414317721824603
9.767725097868638,3.4551514702706387
9.777729447585909,3.4495318122202936
9.787733797303176,3.4257977464508107
9.797738147020443,3.3860676013029196
9.807742496737713,3.3332101164365127
9.81774684645498,3.2707268662712
9.827751196172247,3.2026170837965147
9.837755545889518,3.133184251166192
9.847759895606785,3.0667653370120553
9.857764245324056,3.007393609798248
9.867768595041323,2.958432613291517
9.87777294475859,2.9222338062940176
9.88777729447586,2.899871096107257
9.897781644193127,2.8909947523543322
9.907785993910394,2.893830191673109
9.917790343627665,2.9053287589212347
9.927794693344932,2.9214607910346446
9.9377990430622,2.9376267022575804
9.94780339277947,2.9491491273712835
9.957807742496737,2.9517978630375388
9.967812092214007,2.9422899749297926
9.977816441931274,2.9187018607519684
9.987820791648542,2.880731237486349
9.997825141365812,2.8297580939729645
10.00782949108308,2.7686765237679505
10.017833840800346,2.7015031830639784
10.027838190517617,2.63280828800268
10.037842540234884,2.567053312939789
10.047846889952154,2.507945618401655
10.057851239669422,2.4579248807540357
10.067855589386689,2.41787472801511
10.07785993910396,2.387108015831856
10.087864288821226,2.3636161378945055
10.097868638538493,2.3445174242187026
10.107872988255764,2.3266030096928376
10.117877337973031,2.306870711760628
10.127881687690302,2.2829584969117755
10.137886037407569,2.253428723111716
10.147890387124836,2.2178961978221063
10.157894736842106,2.1770221667992042
10.167899086559373,2.1324056706712957
10.17790343627664,2.0863970006570334
10.187907785993911,2.0418467169272447
10.197912135711178,2.0018000242996408
10.207916485428449,1.9691558888910237
10.217920835145716,1.9463290195207659
10.227925184862983,1.9349693587654422
10.237929534580253,1.9357961121114495
10.24793388429752,1.9485860703803366
10.257938234014787,1.9723231178640774
10.267942583732058,2.0054788117959883
10.277946933449325,2.046365554783628
10.287951283166596,2.093492080526696
10.297955632883863,2.145855867864184
10.30795998260113,2.203122670286481
10.3179643323184,2.2656621295342605
10.327968682035667,2.3344261453288038
10.337973031752934,2.4106739265735215
10.347977381470205,2.4955679742308914
10.357981731187472,2.5896907726688134
10.367986080904743,2.6925597411894944
10.37799043062201,2.802239380723149
10.387994780339277,2.915153388315777
10.397999130056547,3.026177585397785
10.408003479773814,3.1290464258132347
10.418007829491081,3.217040790116799
10.428012179208352,3.2838590467433084
10.438016528925619,3.3245249155290817
10.44802087864289,3.3361679865567266
10.458025228360157,3.3185306918603037
10.468029578077424,3.274104496406987
10.478033927794694,3.2078661759138143
10.488038277511961,3.1266569106066857
10.498042627229228,3.038307608295177
10.508046976946499,2.9506519797846447
10.518051326663766,2.870578622627819
10.528055676381037,2.803255472359943
10.538060026098304,2.7516213379136354
10.54806437581557,2.7161907675587864
10.558068725532841,2.695171570352264
10.568073075250108,2.6848569518790706
10.578077424967375,2.6802288187664187
10.588081774684646,2.6756929105653344
10.598086124401913,2.6658561517346384
10.608090474119184,2.6462507133434947
10.61809482383645,2.613910951371708
10.628099173553718,2.5677244872320917
10.638103523270988,2.508510968482153
10.648107872988255,2.4388286029298047
10.658112222705522,2.3625587392009137
10.668116572422793,2.284357770205224
10.67812092214006,2.2090812203395647
10.68812527185733,2.1412733731755056
10.698129621574598,2.0847838924656927
10.708133971291865,2.04253409514167
10.718138321009135,2.0164233664259377
10.728142670726402,2.007348006318508
10.73814702044367,2.0152995766698663
10.74815137016094,2.039511011693848
10.758155719878207,2.078619828153605
10.768160069595478,2.1308170708065504
10.778164419312745,2.1939524237464365
10.788168769030012,2.2655769575735767
10.798173118747282,2.342928617441223
10.80817746846455,2.4228970977628617
10.818181818181817,2.5020312838352354
10.828186167899087,2.576658047060085
10.838190517616354,2.643155406105165
10.848194867333625,2.6983683538527097
10.858199217050892,2.7400893394735832
10.868203566768159,2.767474285298628
10.87820791648543,2.781254204972214
10.888212266202697,2.783643415099528
10.898216615919964,2.777928892791294
10.908220965637234,2.7678238220947082
10.918225315354501,2.756745949992434
10.928229665071772,2.747208589124123
10.938234014789039,2.7404780532653072
10.948238364506306,2.7365680058661397
10.958242714223577,2.734538406273202
10.968247063940844,2.73297981344854
10.97825141365811,2.7305200990192753
10.988255763375381,2.7262002062161415
10.998260113092648,2.719619780675013
11.008264462809919,2.710830726807023
11.018268812527186,2.700032198544854
11.028273162244453,2.6871747687612335
11.038277511961724,2.6716046379565372
11.04828186167899,2.6518696781352853
11.058286211396258,2.625772276698815
11.068290561113528,2.590696386792494
11.078294910830795,2.5441671028321937
11.088299260548066,2.4845331146409273
11.098303610265333,2.411612142511942
11.1083079599826,2.3271246030068657
11.11831230969987,2.234773544772699
11.128316659417138,2.139908548113682
11.138321009134405,2.0488198462862712
11.148325358851675,1.9678142231943514
11.158329708568942,1.9022903396921529
11.168334058286213,1.8560325836687688
11.17833840800348,1.8308759482601895
11.188342757720747,1.8267816208119996
11.198347107438018,1.8422433239296516
11.208351457155285,1.8748596104588464
11.218355806872552,1.9218845618421974
11.228360156589822,1.9806112393700677
11.23836450630709,2.0485268581190565
11.24836885602436,2.1232699375837383
11.258373205741627,2.2024830052166195
11.268377555458894,2.283670332398153
11.278381905176165,2.364140564703603
11.288386254893432,2.4410588657825203
11.298390604610699,2.5115796811796347
11.30839495432797,2.5730018263474377
11.318399304045236,2.6228909861408507
11.328403653762507,2.6591441522195995
11.338408003479774,2.680009034681439
11.348412353197041,2.6841005656758394
11.358416702914312,2.6704641730958367
11.368421052631579,2.638719615244145
11.378425402348846,2.5892868643786886
11.388429752066116,2.523658332519732
11.398434101783383,2.444650828457798
11.408438451500654,2.3565539384552716
11.418442801217921,2.2650932024575217
11.428447150935188,2.177147734370307
11.438451500652459,2.1002015357455908
11.448455850369726,2.0415612286278852
11.458460200086993,2.00743154132214
11.468464549804263,2.001990621409991
11.47846889952153,2.026635295171379
11.488473249238801,2.0795596626392183
11.498477598956068,2.155784533356574
11.508481948673335,2.247676442078593
11.518486298390606,2.3458996113860464
11.528490648107873,2.4406543099492435
11.53849499782514,2.522992232088295
11.54849934754241,2.585979079196358
11.558503697259678,2.625501585350657
11.568508046976948,2.6405849668591532
11.578512396694215,2.6331823394676985
11.588516746411482,2.6074999068488873
11.598521096128753,2.5690096487229495
11.60852544584602,2.523356987194031
11.618529795563287,2.4753831032487477
11.628534145280558,2.428447497478569
11.638538494997825,2.384162970844127
11.648542844715095,2.342558405130661
11.658547194432362,2.3025868698759133
11.66855154414963,2.26282148084925
11.6785558938669,2.222148050114778
11.688560243584167,2.180280051277282
11.698564593301434,2.1379818594318123
11.708568943018705,2.09697187283917
11.718573292735972,2.0595622657860955
11.728577642453242,2.0281525948547787
11.73858199217051,2.0047156278259424
11.748586341887776,1.990394701610092
11.758590691605047,1.9852845446398562
11.768595041322314,1.98841095169987
11.778599391039581,1.9978777315892848
11.788603740756852,2.0111238351115857
11.798608090474119,2.0252314789937307
11.80861244019139,2.0372406115634036
11.818616789908656,2.044444894388371
11.828621139625923,2.0446588602317197
11.838625489343194,2.036449148972509
11.848629839060461,2.0193151941783474
11.858634188777728,1.9937923973314624
11.868638538494999,1.9614424633313166
11.878642888212266,1.9246993667635328
11.888647237929536,1.8865597739441307
11.898651587646803,1.8501420435217115
11.90865593736407,1.8181799148497304
11.918660287081341,1.7925523123813507
11.928664636798608,1.7739647032876615
11.938668986515875,1.7618795854836693
11.948673336233146,1.7547426348189321
11.958677685950413,1.7504773109901337
11.968682035667683,1.7471448233239606
11.97868638538495,1.7436124401821107
11.988690735102217,1.7400601719723112
11.998695084819488,1.7381900866417845
12.008699434536755,1.7410744969461327
12.018703784254022,1.752667241078609
12.028708133971293,1.7770803681202083
12.03871248368856,1.8177760820030338
12.04871683340583,1.8768319147708212
12.058721183123097,1.954409916744458
12.068725532840364,2.048511401057388
12.078729882557635,2.155043280856499
12.088734232274902,2.2681728237566494
12.09873858199217,2.3809111264569514
12.10874293170944,2.4858426846438086
12.118747281426707,2.575907243617569
12.128751631143977,2.6451388331396894
12.138755980861244,2.6892749564803635
12.148760330578511,2.7061664325667425
12.158764680295782,2.69594460393204
12.168769030013049,2.6609346394585747
12.178773379730316,2.605336534667221
12.188777729447587,2.5347234591327465
12.198782079164854,2.4554257682419864
12.208786428882124,2.373876309451604
12.218790778599391,2.2959895557302534
12.228795128316658,2.226636607828806
12.238799478033929,2.1692637353842223
12.248803827751196,2.125686338064242
12.258808177468463,2.0960736359599914
12.268812527185734,2.07912124014712
12.278816876903,2.0723881991901143
12.288821226620271,2.072753102286196
12.298825576337538,2.0769240597539587
12.308829926054806,2.0819257920552587
12.318834275772076,2.085489426119192
12.328838625489343,2.0862893999018315
12.33884297520661,2.084003926578158
12.34884732492388,2.0792120024327994
12.358851674641148,2.0731696607551338
12.368856024358418,2.067522134343746
12.378860374075686,2.0640044955446326
12.388864723792953,2.064166790744166
12.398869073510223,2.0691413461211123
12.40887342322749,2.079459884328196
12.418877772944757,2.094930334148732
12.428882122662028,2.114593265191584
12.438886472379295,2.1367851281376153
12.448890822096566,2.159329075711768
12.458895171813833,2.1798494475212555
12.4688995215311,2.1961682749887457
12.47890387124837,2.206705402439285
12.488908220965637,2.2107851303636257
12.498912570682904,2.208764095579498
12.508916920400175,2.2019386740665996
12.518921270117442,2.1922534529983797
12.528925619834709,2.181893400890199
12.53892996955198,2.172877897044917
12.548934319269247,2.16676974354286
12.558938668986517,2.1645671316272566
12.568943018703784,2.1667780573099087
12.578947368421051,2.17361163375395
12.588951718138322,2.185184714907948
12.598956067855589,2.2016486588063673
12.608960417572856,2.2231854732317946
12.618964767290127,2.249884886150663
12.628969117007394,2.2815673371779797
12.638973466724664,2.3176407520166666
12.648977816441931,2.3570633733342734
12.658982166159198,2.398439355124683
12.668986515876469,2.440218577269953
12.678990865593736,2.4809302859658553
12.688995215311003,2.5193681529577905
12.698999565028274,2.554665921225602
12.70900391474554,2.5862483737651
12.719008264462811,2.6136934340520166
12.729012614180078,2.6365777828361914
12.739016963897345,2.6543863472578693
12.749021313614616,2.6665419987901813
12.759025663331883,2.672564007824341
12.76903001304915,2.6723090638703644
12.77903436276642,2.6662067043710262
12.789038712483688,2.655387881108976
12.799043062200958,2.6416280802932146
12.809047411918225,2.627079914440383
12.819051761635492,2.613838391608533
12.829056111352763,2.6034427492004353
12.83906046107003,2.5964504169938403
12.849064810787297,2.592208663845742
12.859069160504568,2.5888990088770667
12.869073510221835,2.5838539873039084
12.879077859939105,2.5740698716692325
12.889082209656372,2.5567871817086774
12.89908655937364,2.5299991266045563
12.90909090909091,2.492777985117758
12.919095258808177,2.4453681601497848
12.929099608525444,2.3890610064598095
12.939103958242715,2.325919036326565
12.949108307959982,2.258441488342039
12.959112657677252,2.189256328000485
12.96911700739452,2.120892888033427
12.979121357111786,2.0556484119995964
12.989125706829057,1.9955256930889826
12.999130056546324,1.9421990573588674
13.009134406263591,1.8969667712395313
13.019138755980862,1.8606669689863629
13.029143105698129,1.8335630245010872
13.0391474554154,1.8152317307275183
13.049151805132666,1.8045033296458102
13.059156154849934,1.799500196625023
13.069160504567204,1.7978008908038856
13.079164854284471,1.796724513488577
13.089169204001738,1.793696850776324
13.099173553719009,1.7866347850365694
13.109177903436276,1.7742758668227394
13.119182253153546,1.7563875760071093
13.129186602870814,1.733812718759804
13.13919095258808,1.7083377931325503
13.149195302305351,1.6824035901799925
13.159199652022618,1.6587061854033054
13.169204001739885,1.6397573323671204
13.179208351457156,1.6274824499186786
13.189212701174423,1.6229292006896756
13.199217050891694,1.6261393182611232
13.20922140060896,1.6362033900654045
13.219225750326228,1.6514792869323365
13.229230100043498,1.6699194264949697
13.239234449760765,1.689429936105397
13.249238799478032,1.7081826816831773
13.259243149195303,1.7248197538440166
13.26924749891257,1.738523536533386
13.27925184862984,1.7489634879921192
13.289256198347108,1.7561617668789877
13.299260548064375,1.7603351586607456
13.309264897781645,1.7617671570368603
13.319269247498912,1.7607443795904083
13.32927359721618,1.757563343429808
13.33927794693345,1.752586650174387
13.349282296650717,1.74631043191001
13.359286646367988,1.739402433134595
13.369290996085255,1.7326822448121906
13.379295345802522,1.7270370349367732
13.389299695519792,1.7232896578747812
13.39930404523706,1.7220530554423747
13.409308394954326,1.7236098225124943
13.419312744671597,1.727847698697467
13.429317094388864,1.7342642990461996
13.439321444106135,1.7420344308179776
13.449325793823402,1.7501179881160864
13.459330143540669,1.7573803658013571
13.46933449325794,1.7627012667671957
13.479338842975206,1.765058504246571
13.489343192692473,1.7635855542883296
13.499347542409744,1.7576100376503598
13.509351892127011,1.7466821238337018
13.519356241844282,1.7305973713304281
13.529360591561549,1.7094108077333237
13.539364941278816,1.6834324082050784
13.549369290996086,1.653192239668271
13.559373640713353,1.6193680363850567
13.56937799043062,1.5826778762046863
13.579382340147891,1.5437527352181513
13.589386689865158,1.503013727913777
13.599391039582429,1.460582873208594
13.609395389299696,1.416252048667956
13.619399739016963,1.3695227401767045
13.629404088734233,1.3197122408515276
13.6394084384515,1.2661049587687416
13.649412788168767,1.2081157063460612
13.659417137886038,1.1454291159027077
13.669421487603305,1.0780866561477982
13.679425837320576,1.006507756399249
13.689430187037843,0.9314493072979375
13.69943453675511,0.8539224929957707
13.70943888647238,0.775093023133483
13.719443236189647,0.696188816446949
13.729447585906914,0.6184298741842809
13.739451935624185,0.5429827954648032
13.749456285341452,0.47093211304787197
13.759460635058723,0.4032560354871835
13.76946498477599,0.34079631310066705
13.779469334493257,0.28421905501831995
13.789473684210527,0.23397183766476418
13.799478033927794,0.1902485536446929
13.809482383645062,0.1529746492495921
13.819486733362332,0.12182135242444944
13.8294910830796,0.09624995277302266
13.83949543279687,0.07557910828043943
13.849499782514137,0.059062405282325176
13.859504132231404,0.04596173255960288
13.869508481948674,0.03560455085122506
13.879512831665942,0.027418506807671366
13.889517181383209,0.020942985145988368
13.89952153110048,0.015822172802874124
13.909525880817746,0.0117868581251746
13.919530230535017,0.008632341633784802
13.929534580252284,0.0061981385901859806
13.939538929969551,0.00435263156966443
13.949543279686822,0.002983439113097828
13.959547629404089,0.001992603569896051
13.969551979121356,0.0012949397925388277
13.979556328838626,0.0008178720819084864
13.989560678555893,0.0005015122408449766
13.999565028273164,0.0002982924454044667
14.009569377990431,0.00017195230110960056
14.019573727707698,9.599432454714799e-05
14.029578077424969,5.1861156920121886e-05
14.039582427142236,2.7095842698680948e-05
14.049586776859503,1.3681955341734227e-05
14.059591126576773,6.672929725053917e-06
14.06959547629404,3.141686517281592e-06
14.07959982601131,1.4271182216006438e-06
14.089604175728578,6.2517130896226e-07
14.099608525445845,2.6399133329027807e-07
14.109612875163116,1.0741365846339165e-07
14.119617224880383,4.209724909480434e-08
14.12962157459765,1.5886713627481226e-08
14.13962592431492,5.771355965366642e-09
14.149630274032187,2.017793554109273e-09
14.159634623749458,6.78789893399074e-10
14.169638973466725,2.196697535753514e-10
14.179643323183992,6.837675228661358e-11
14.189647672901263,2.0468519452397824e-11
14.19965202261853,5.891812122406603e-12
14.209656372335797,1.6306017045358284e-12
14.219660722053067,4.3385227019878146e-13
14.229665071770334,1.1096725786469745e-13
14.239669421487605,2.72819686919931e-14
14.249673771204872,6.446997804621502e-15
14.259678120922139,1.4642561283156113e-15
14.26968247063941,3.1962018758679005e-16
14.279686820356677,6.70488949578674e-17
14.289691170073944,1.3516813690816798e-17
14.299695519791214,2.618601189933127e-18
14.309699869508481,4.874898001458029e-19
14.319704219225752,8.720736659634131e-20
14.329708568943019,1.49907690932812e-20
14.339712918660286,2.4761133786407894e-21
14.349717268377557,3.9299475025310876e-22
14.359721618094824,5.993315808510426e-23
14.36972596781209,8.782275866566178e-24
14.379730317529361,1.2365236257203845e-24
14.389734667246628,1.6728217563188708e-25
14.399739016963899,2.1744316717694383e-26
14.409743366681166,2.7157391641540103e-27
14.419747716398433,3.2589240105041013e-28
14.429752066115704,3.757528632327508e-29
14.43975641583297,4.1626558666015205e-30
14.449760765550238,4.430751059285433e-31
14.459765115267508,4.531286325629664e-32
14.469769464984775,4.4524784704889235e-33
14.479773814702046,4.2035606586524975e-34
14.489778164419313,3.813002646097664e-35
14.49978251413658,3.323153730737928e-36
14.50978686385385,2.7827015738050208e-37
14.519791213571118,2.2387991436576897e-38
14.529795563288385,1.7305949134750494e-39
14.539799913005655,1.2853075685130888e-40
14.549804262722922,9.171696444130603e-42
14.559808612440193,6.288150222969666e-43
14.56981296215746,4.1421562542724915e-44
14.579817311874727,2.6215619337767707e-45
14.589821661591998,1.5941295635357913e-46
14.599826011309265,9.313582389195284e-48
14.609830361026532,5.228045794785996e-49
14.619834710743802,2.819624859430213e-50
14.62983906046107,1.461074868737608e-51
14.63984341017834,7.274157254756619e-53
14.649847759895607,3.479540313719894e-54
14.659852109612874,1.5991527221432826e-55
14.669856459330145,7.061334969284662e-57
14.679860809047412,2.9957972578323113e-58
14.689865158764679,1.221143483671503e-59
14.69986950848195,4.7824406821177596e-61
14.709873858199217,1.799538153536484e-62
14.719878207916487,6.50580520070276e-64
14.729882557633754,2.259797608346404e-65
14.739886907351021,7.541652107668182e-67
14.749891257068292,2.4181981091973975e-68
14.759895606785559,7.449818071798831e-70
14.769899956502826,2.2050977321261008e-71
14.779904306220097,6.271022862291837e-73
14.789908655937364,1.7134730361813452e-74
14.799913005654634,4.4982594304374456e-76
14.809917355371901,1.1345928550845193e-77
14.819921705089168,2.7495644155483446e-79
14.829926054806439,6.4020056274210075e-81
14.839930404523706,1.4321763379164413e-82
14.849934754240973,3.0782594280990615e-84
14.859939103958244,6.3568537074414484e-86
14.86994345367551,1.2612683096623582e-87
14.879947803392781,2.404368411148566e-89
14.889952153110048,4.403751468587752e-91
14.899956502827315,7.749485001486088e-93
14.909960852544586,1.3102408419640785e-94
14.919965202261853,2.1284216606142134e-96
14.92996955197912,3.3219450984087724e-98
14.93997390169639,4.981446518174832e-100
14.949978251413658,7.177062560494156e-102
14.959982601130928,9.93496240833658e-104
14.969986950848195,1.321338103971031e-105
14.979991300565462,1.688456681681887e-107
14.989995650282733,2.0729752579373416e-109
15.0,2.445268450381078e-111
