# Units: Time [fs], Current Jm [1/fs*Angstrom^2]
time,fid_signal,fid_exp_fit
12.676,0.01054853934937213,0.010634773158184107
12.686,0.009530829173001147,0.010532420059766179
12.696,0.008527815081846385,0.010431070848817246
12.706,0.00754182281310403,0.010330715679127807
12.716,0.0065750537403100676,0.01023134480106076
12.726,0.005629582575363042,0.010132948560604262
12.736,0.004707355816377539,0.01003551739843381
12.746,0.0038101902423366267,0.009939041848983485
12.756,0.0029397722353997134,0.009843512539526426
12.766,0.0020976572415959726,0.009748920189264217
12.776,0.001285269561844539,0.009655255608425315
12.786,0.0005049840404740985,0.00956250969737215
12.796,-0.00024311718720324243,0.009470673445717146
12.806,-0.0009580000271600375,0.009379737931447342
12.816,-0.0016387583629223644,0.009289694320057567
12.826,-0.002284612562122259,0.00920053386369229
12.836,-0.0028949075042686836,0.009112247900295557
12.846,-0.0034691105118015188,0.009024827852769592
12.856,-0.004006809023709704,0.008938265228141486
12.866,-0.004507707862864488,0.008852551616738081
12.876,-0.0049716263010689534,0.008767678691369019
12.886,-0.0053975082553342265,0.008683638206517658
12.896,-0.005786379508841521,0.008600421997540044
12.906,-0.006138383634457173,0.008518021979871742
12.916,-0.0064537652967075355,0.008436430148242384
12.926,-0.006732866363688869,0.008355638575897904
12.936,-0.006976122161460681,0.0082756394138305
12.946,-0.007184057307212845,0.00819642489001608
12.956,-0.007357281658541548,0.008117987308659166
12.966,-0.007496486083825809,0.008040319049445315
12.976,-0.007602438125489936,0.007963412566800688
12.986,-0.007675076853739104,0.007887260389159096
12.996,-0.007716210883886086,0.007811855118236039
13.006,-0.007726811359196515,0.007737189428309988
13.016,-0.007707908319365317,0.007663256065510724
13.026,-0.007660586104343026,0.007590047847114532
13.036,-0.007585978784920868,0.00751755766084645
13.046,-0.007485265541526208,0.007445778464189277
13.056,-0.0073596661118118184,0.007374703283699387
13.066,-0.0072104361755893995,0.00730432521432927
13.076,-0.0070388628182345096,0.007234637418756685
13.086,-0.006845437691829449,0.007165633126720374
13.096,-0.006632319389402587,0.007097305634362364
13.106,-0.006400862138941545,0.007029648303576647
13.116,-0.006152433722564274,0.006962654561364335
13.126,-0.005888411193109703,0.006896317899195008
13.136,-0.0056101765530846915,0.006830631872374452
13.146,-0.005319112803921711,0.006765590099418521
13.156,-0.00501659975330745,0.006701186261433207
13.166,-0.004704010252095468,0.006637414101500724
13.176,-0.0043827062971917375,0.006574267424071621
13.186,-0.004053284969274019,0.006511740094362906
13.196,-0.003717826525457122,0.006449826037762036
13.206,-0.003377639368450164,0.00638851923923675
13.216,-0.003034007525695547,0.006327813742750739
13.226,-0.0026881875919640206,0.006267703650684941
13.236,-0.0023414058288853627,0.006208183123264658
13.246,-0.001994855588111525,0.006149246377992144
13.256,-0.0016496947892493676,0.006090887689084861
13.266,-0.00130704355971225,0.006033101386919235
13.276,-0.0009679822630516021,0.005975881857479795
13.286,-0.0006328642457341711,0.005919223541813791
13.296,-0.0003033694885550298,0.005863120935491136
13.306,1.9552252948183387e-05,0.0058075685880696285
13.316,0.0003349979956100812,0.00575256110256546
13.326,0.0006421124756147834,0.005698093134928883
13.336,0.0009400895125405006,0.005644159393524997
13.346,0.0012281728419735087,0.005590754638619695
13.356,0.001505656829497832,0.005537873681870599
13.366,0.001771887346308127,0.00548551138582304
13.376,0.0020262620268934584,0.005433662663410893
13.386,0.002268856112542187,0.005382322477462395
13.396,0.002498546622861635,0.005331485840210764
13.406,0.002714888467531244,0.005281147812809657
13.416,0.0029174891022537433,0.005231303504853336
13.426,0.003106008381402562,0.005181948073901536
13.436,0.003280158239858941,0.005133076725009052
13.446,0.0034397024363625405,0.0050846847102598855
13.456,0.0035844558849950497,0.005036767328305976
13.466,0.003714284168224168,0.0049893199239104905
13.476,0.003829102785924696,0.0049423378874955
13.486,0.003929447081627229,0.004895816654694223
13.496,0.004014758950338912,0.004849751705907532
13.506,0.004085098097603936,0.004804138565864894
13.516,0.004140570198497439,0.004758972803189615
13.526,0.004181325485917772,0.0047142500299682775
13.536,0.004207557525312464,0.004669965901324481
13.546,0.004219501617377397,0.00462611611499672
13.556,0.0042174333177767,0.004582696410920437
13.566,0.004201666737543642,0.004539702570814105
13.576,0.0041725528088378955,0.00449713041776947
13.586,0.004130998488627173,0.004454975815845714
13.596,0.004076901784638211,0.004413234669667657
13.606,0.004010712854627309,0.004371902924027914
13.616,0.003932910914520856,0.00433097656349288
13.626,0.003844002211043944,0.0042904516120126565
13.636,0.003744517840267372,0.004250324132534761
13.646,0.003635011592982509,0.004210590226621627
13.656,0.0035160577509175763,0.004171246034071924
13.666,0.0033882488443645244,0.004132287732545443
13.676,0.0032521934939999317,0.004093711537191812
13.686,0.003108989672007593,0.004055513700282776
13.696,0.0029587958045783147,0.004017690510848101
13.706,0.002802255308647726,0.003980238294315062
13.716,0.0026400187306828467,0.003943153412151425
13.726,0.0024727417766996973,0.003906432261511973
13.736,0.0023010830769217886,0.003870071274888506
13.746,0.00212570216587486,0.003834066919763208
13.756,0.0019472575184975613,0.0037984156982655078
13.766,0.0017664045094946724,0.003763114146832214
13.776,0.0015837936544917737,0.0037281588358710487
13.786,0.0014005028022511118,0.003693546369427453
13.796,0.0012167331206044108,0.0036592733848546566
13.806,0.0010331097289509898,0.003625336552487023
13.816,0.0008502460114170091,0.003591732575316518
13.826,0.0006687420105173161,0.003558458188672456
13.836,0.0004891831073307723,0.003525510159904284
13.846,0.0003121384766326433,0.00349288528806755
13.856,0.0001381598839499653,0.0034605804036129417
13.866,-3.221957116416463e-05,0.0034285923680783224
13.876,-0.00019848668399240058,0.003396918073783855
13.886,-0.00035975295479609654,0.0033655544435300766
13.896,-0.0005159443366912261,0.003334498430298934
13.906,-0.000666613526597635,0.003303747016957807
13.916,-0.0008113370770870311,0.0032732972159663226
13.926,-0.0009497162552049769,0.003243146069086158
13.936,-0.0010813778271226329,0.00321329064709363
13.946,-0.0012059746790695587,0.0031837280494951127
13.956,-0.0013231866192294146,0.0031544554042452727
13.966,-0.0014327207673952807,0.003125469867468013
13.976,-0.0015343121701101971,0.0030967686231802055
13.986,-0.0016273625756631446,0.003068348883018125
13.996,-0.0017120256772918127,0.003040207885966526
14.006,-0.0017881225531525807,0.0030123428980904404
14.016,-0.0018555034477952285,0.002984751212269544
14.026,-0.0019140478787561363,0.0029574301479351702
14.036,-0.001963664791455444,0.002930377050809888
14.046,-0.0020042923908761717,0.002903589292649629
14.056,-0.0020358981252682497,0.0028770642709883693
14.066,-0.0020584784596298185,0.002850799408885264
14.076,-0.002072058554454896,0.0028247921546743306
14.086,-0.00207636181998872,0.0027990399817165194
14.096,-0.0020717997852714534,0.00277354038815426
14.106,-0.0020584812390506673,0.0027482908966684192
14.116,-0.002036541752500701,0.002723289054237594
14.126,-0.0020061428231240453,0.00269853243189982
14.136,-0.001967471352606149,0.002674018624516583
14.146,-0.0019207385831064927,0.0026497452505391725
14.156,-0.0018661792890397968,0.002625709951777298
14.166,-0.0018040508068104004,0.002601910393169982
14.176,-0.0017346318408173543,0.0025783442625587193
14.186,-0.001657920242097063,0.002555009270462838
14.196,-0.0015745356685083114,0.002531903149857089
14.206,-0.0014848144165956496,0.0025090236559513787
14.216,-0.0013891095608121783,0.002486368565972701
14.226,-0.0012877895680272272,0.0024639356789491833
14.236,-0.0011812369736821956,0.0024417228154962694
14.246,-0.0010698470668433742,0.0024197278176049846
14.256,-0.0009540264038491125,0.002397948548432273
14.266,-0.0008341914905148711,0.002376382892093411
14.276,-0.0007107672256085895,0.002355028753456445
14.286,-0.0005839104526651371,0.0023338840579386405
14.296,-0.0004543337503584057,0.0023129467513049494
14.306,-0.00032247860155339337,0.002292214799468416
14.316,-0.00018878913000100646,0.002271686188292575
14.326,-5.3710645764555e-05,0.0022513589233957836
14.336,8.231187485820742e-05,0.0022312310299574425
14.346,0.00021883517585057907,0.0022113005525261666
14.356,0.00035541912720655366,0.0021915655548297853
14.366,0.0004916281260682626,0.002172024119587246
14.376,0.0006270323939680761,0.0021526743483223426
14.386,0.0007614604549016359,0.0021335143611792757
14.396,0.0008942471058908503,0.0021145422967400285
14.406,0.0010249879410100242,0.002095756311843524
14.416,0.0011532894082764882,0.0020771545814065513
14.426,0.001278769946017323,0.002058735298246465
14.436,0.0014010611219158228,0.002040496672905613
14.446,0.0015198085862051425,0.0020224369334774952
14.456,0.0016346731039784924,0.0020045543254346068
14.466,0.001745331401498542,0.001986847111457992
14.476,0.0018514769812212313,0.0019693135712684573
14.486,0.0019530501665338512,0.0019519520014594533
14.496,0.002049551197865201,0.0019347607153315793
14.506,0.0021407283545779505,0.001917738042728713
14.516,0.0022263494618032704,0.0019008823298757617
14.526,0.0023062022590981802,0.0018841919392179915
14.536,0.0023800948302940095,0.0018676652492619363
14.546,0.002447856000860499,0.0018513006544178766
14.556,0.0025093355178381492,0.001835096564843839
14.566,0.0025644042789248083,0.0018190514062911484
14.576,0.002612954470257418,0.0018031636199514968
14.586,0.002655108693613621,0.0017874316623054819
14.596,0.002690592495397684,0.0017718540049726774
14.606,0.002719361709424657,0.001756429134563126
14.616,0.0027413931154464093,0.0017411555525303254
14.626,0.0027566842513920024,0.0017260317750256377
14.636,0.002765252974377115,0.0017110563327541308
14.646,0.002767137133264288,0.0016962277708318404
14.656,0.0027623941770783807,0.0016815446486444228
14.666,0.0027511005527732736,0.0016670055397071904
14.676,0.0027333511622311263,0.0016526090315265357
14.686,0.0027094497433948978,0.0016383537254626998
14.696,0.002679335299418709,0.0016242382365939043
14.706,0.002643154238467891,0.0016102611935817869
14.716,0.0026010687215407818,0.001596421238538186
14.726,0.002553255781099133,0.0015827170268932146
14.736,0.002499906598136984,0.0015691472272646404
14.746,0.002441225596356366,0.001555710521328536
14.756,0.002377429559357747,0.0015424056036911968
14.766,0.0023087468042140287,0.0015292311817623277
14.776,0.0022354162157897997,0.0015161859756294613
14.786,0.002157860668413353,0.0015032687179336226
14.796,0.002076163201012566,0.0014904781537461885
14.806,0.0019905889620015493,0.0014778130404469797
14.816,0.0019014100378900924,0.0014652721476035343
14.826,0.0018089044918227653,0.0014528542568515758
14.836,0.0017133554577468185,0.001440558161776643
14.846,0.0016150502420011416,0.001428382667796881
14.856,0.001514279426274285,0.001416326592046992
14.866,0.0014113359560657581,0.001404388763263318
14.876,0.0013065143266887613,0.0013925680216700462
14.886,0.0012002687680143969,0.001380863218866546
14.896,0.0010927351668660599,0.0013692732177157845
14.906,0.0009842075103443564,0.001357796892233869
14.916,0.0008749779875636458,0.0013464331274806417
14.926,0.0007653362238599653,0.0013351808194513681
14.936,0.0006555685337972109,0.0013240388749694877
14.946,0.0005459571808062212,0.0013130062115803978
14.956,0.00043677968046082873,0.0013020817574463004
14.966,0.0003283081481332041,0.001291264451242069
14.976,0.00022080857278408608,0.0012805532420521357
14.986,0.00011468554342249044,0.00126994708926841
14.996,1.004593640481445e-05,0.001259444962489157
15.006,-9.286597294648445e-05,0.00124904584141891
15.016,-0.00019381422542069938,0.001238748715769343
15.026,-0.0002925716821758193,0.0012285525851611166
15.036,-0.00038892043255320626,0.0012184564590266996
15.046,-0.00048265223504762717,0.0012084593565141212
15.056,-0.0005735688344123411,0.0011985603063916883
15.066,-0.0006614823732543073,0.0011887583469536243
15.076,-0.0007462156061422772,0.001179052525926645
15.086,-0.000827469679849462,0.001169441900377439
15.096,-0.0009052219647963339,0.0011599255366210582
15.106,-0.000979328587829949,0.0011505025101302129
15.116,-0.001049657229117444,0.0011411719054454526
15.126,-0.0011160871405059688,0.0011319328160862255
15.136,-0.0011785093225948839,0.0011227843444628187
15.146,-0.0012368265899210089,0.0011137256017891455
15.156,-0.0012909535444486538,0.0011047557079964122
15.166,-0.0013408167083265288,0.001095873791647605
15.176,-0.0013863544566428238,0.0010870789898528358
15.186,-0.0014273960340176672,0.0010783704481855147
15.196,-0.0014640244278169405,0.0010697473205993323
15.206,-0.0014962133722424339,0.0010612087693460711
15.216,-0.001523948268252997,0.0010527539648942164
15.226,-0.0015472259969312606,0.0010443820858483622
15.236,-0.001566054845929044,0.0010360923188694245
15.246,-0.0015804543517193572,0.0010278838585956055
15.256,-0.0015904550891485704,0.0010197559075641642
15.266,-0.0015960985277457837,0.001011707676133939
15.276,-0.0015974367449559772,0.0010037383824086303
15.286,-0.0015944217428542696,0.000995847252160846
15.296,-0.0015872365874811823,0.0009880335187568742
15.306,-0.0015759636568680147,0.0009802964230822097
15.316,-0.0015606948771117277,0.0009726352134678026
15.326,-0.0015415313230952605,0.0009650491456170368
15.336,-0.001518582794212703,0.0009575374825334171
15.346,-0.0014919675726469057,0.0009500994944489675
15.356,-0.001461811857121758,0.0009427344587533359
15.366,-0.0014282493676833507,0.0009354416599235901
15.376,-0.0013914209255926834,0.0009282203894547087
15.386,-0.0013513731168800413,0.0009210699457907409
15.396,-0.0013083602468610292,0.0009139896342566533
15.406,-0.0012625413909202472,0.0009069787669908453
15.416,-0.001214080676835375,0.000900036662878314
15.426,-0.0011631467604639328,0.0008931626474844912
15.436,-0.0011099122962286209,0.0008863560529897151
15.446,-0.0010545533517870586,0.000879616218124354
15.456,-0.0009972489132553564,0.000872942488104562
15.466,-0.0009381802681417944,0.0008663342145686654
15.476,-0.0008775305354797194,0.0008597907555141758
15.486,-0.0008153920588275106,0.0008533114752354179
15.496,-0.0007520419096695442,0.0008468957442617669
15.506,-0.0006876653695869527,0.0008405429392964968
15.516,-0.0006224473581987111,0.0008342524431562267
15.526,-0.0005565719856100824,0.0008280236447109623
15.536,-0.0004902220386913349,0.0008218559388247194
15.546,-0.0004235785126324832,0.0008157487262967368
15.556,-0.0003568201025080436,0.000809701413803263
15.566,-0.0002901228407685082,0.0008037134138399124
15.576,-0.00022365960891458658,0.0007977841446645954
15.586,-0.00015751572457488083,0.00079191303024099
15.596,-9.194058413582905e-05,0.0007860995001825871
15.606,-2.7095220819252515e-05,0.0007803429896972745
15.616,3.686397497690184e-05,0.0007746429395324658
15.626,9.978561528923111e-05,0.0007689987959207723
15.636,0.00016152369816790067,0.0007634100105261977
15.646,0.00022193776999863057,0.000757876040390869
15.656,0.0002808933589381823,0.0007523963478822916
15.666,0.0003382621185740461,0.0007469704006411095
15.676,0.00039392207847169485,0.0007415976715293947
15.686,0.00044783463181602423,0.0007362776385794268
15.696,0.0004998145496446716,0.0007310097849429892
15.706,0.000549760292819457,0.0007257935988411535
15.716,0.0005975774882885263,0.0007206285735145597
15.726,0.0006431789728330645,0.0007155142071741871
15.736,0.000686485008256488,0.0007104500029526011
15.746,0.0007274232759495414,0.0007054354688556825
15.756,0.0007659290221966176,0.0007004701177148304
15.766,0.000801945111736975,0.0006955534671396319
15.776,0.0008354219936474235,0.0006906850394710017
15.786,0.0008663877210910003,0.0006858643617347702
15.796,0.0008947380444832439,0.0006810909655957378
15.806,0.0009204462649037116,0.0006763643873121741
15.816,0.0009434932308210282,0.0006716841676907642
15.826,0.000963867261667968,0.0006670498520420028
15.836,0.0009815640085702128,0.0006624609901360109
15.846,0.0009965864856466833,0.0006579171361588026
15.856,0.0010089447155756871,0.0006534178486689717
15.866,0.001018655748935152,0.000648962690554804
15.876,0.0010257434655245776,0.0006445512289918146
15.886,0.0010303021532520056,0.0006401830354006942
15.896,0.0010323048102008165,0.0006358576854056737
15.906,0.001031794409178874,0.0006315747587932985
15.916,0.0010288198218547301,0.0006273338394715981
15.926,0.0010234356400648972,0.000623134515429669
15.936,0.001015701702666632,0.0006189763786976419
15.946,0.0010056829534899607,0.0006148590253070491
15.956,0.0009934491451432318,0.0006107820552515782
15.966,0.0009790743395432357,0.000606745072448213
15.976,0.0009626368164413576,0.0006027476846987487
15.986,0.0009442768840890402,0.000598789503651695
15.996,0.0009240216815045588,0.0005948701447645425
16.006,0.0009019597941697504,0.0005909892272664056
16.016,0.000878182470352706,0.0005871463741210333
16.026,0.0008527834475267555,0.0005833412119901718
16.036,0.000825858565549677,0.000579573371197303
16.046,0.0007975053245674127,0.0005758424856917265
16.056,0.0007678226917154252,0.0005721481930129916
16.066,0.0007369107358536369,0.0005684901342556962
16.076,0.0007048702323297314,0.0005648679540346049
16.086,0.0006718557098520059,0.0005612813004501347
16.096,0.0006379153737618023,0.0005577298250541569
16.106,0.0006031505400690365,0.0005542131828161542
16.116,0.0005676621429104209,0.0005507310320896975
16.126,0.0005315503839640883,0.0005472830345792485
16.136,0.0004949145932487777,0.0005438688553073042
16.146,0.00045785286287771505,0.0005404881625818433
16.156,0.0004204618958321895,0.0005371406279641108
16.166,0.00038283677830326977,0.0005338259262367027
16.176,0.0003450707225964413,0.0005305437353719763
16.186,0.00030730351731619675,0.0005272937365007585
16.196,0.00026957557731026413,0.0005240756138813736
16.206,0.00023197344629345573,0.000520889054868966
16.216,0.00019458122409066216,0.0005177337498851237
16.226,0.0001574803011390388,0.0005146093923878082
16.236,0.0001207492832127918,0.0005115156788415654
16.246,8.446391740806601e-05,0.0005084523086880473
16.256,4.8696899148429936e-05,0.000505418984316801
16.266,1.3517937970285241e-05,0.0005024154110363657
16.276,-2.1006401143992737e-05,0.0004994412970456336
16.286,-5.476832265711964e-05,0.0004964963534055096
16.296,-8.775191410504297e-05,0.000493580294010836
16.306,-0.00011990010531335167,0.0004906928355625952
16.316,-0.00015115903558611621,0.00048783369754039265
16.326,-0.00018147797677093192,0.00048500260217519583
16.336,-0.00021080940237702144,0.0004821992744223605
16.346,-0.00023910886655762918,0.00047942344193489534
16.356,-0.0002663350141494629,0.0004766748350370143
16.366,-0.0002924495281462984,0.0004739531866979336
16.376,-0.0003174170581294201,0.00047125823250592554
16.386,-0.0003411647124042202,0.00046858971064263826
16.396,-0.0003637033882026315,0.0004659473618576516
16.406,-0.00038500633951890953,0.00046333092944329823
16.416,-0.0004050495348343338,0.00046074015920971655
16.426,-0.00042381165676470383,0.0004581747994601627
16.436,-0.00044127400790007915,0.0004556346009665537
16.446,-0.0004574205421115844,0.0004531193169452559
16.456,-0.00047223772005768245,0.00045062870303311036
16.466,-0.00048571458263627076,0.000448162517263689
16.476,-0.0004978426327904697,0.0004457205200437938
16.486,-0.0005085789226198863,0.0004433024741301724
16.496,-0.0005179569364769397,0.00044090814460647724
16.506,-0.0005259756011310832,0.00043853729886043555
16.516,-0.0005326363966214494,0.0004361897065612582
16.526,-0.000537943271155417,0.0004338651396372548
16.536,-0.0005419026733791304,0.0004315633722536855
16.546,-0.0005445236070825497,0.00042928418079081336
16.556,-0.0005458175749515672,0.0004270273438221804
16.566,-0.0005457986636613315,0.00042479264209310027
16.576,-0.000544483515047874,0.0004225798584993512
16.586,-0.0005418576663415199,0.00042038877806609067
16.596,-0.0005379766666677167,0.0004182191879269631
16.606,-0.0005328648927684056,0.0004160708773034262
16.616,-0.0005265493313880464,0.0004139436374842703
16.626,-0.0005190595402719823,0.0004118372618053393
16.636,-0.0005104275134534742,0.0004097515456294612
16.646,-0.0005006878015309461,0.0004076862863265564
16.656,-0.000489877311549862,0.00040564128325396167
16.666,-0.00047803527843016686,0.0004036163377369299
16.676,-0.0004652032421471656,0.000401611253049335
16.686,-0.0004513940645918819,0.000399625834394554
16.696,-0.0004366842405893612,0.00039765988888654675
16.706,-0.0004211213846156444,0.0003957132255311152
16.716,-0.0004047549032285816,0.00039378565520734575
16.726,-0.0003876358574256437,0.00039187699064923993
16.736,-0.00036981680960212,0.00038998704642751884
16.746,-0.00035135167471376215,0.0003881156389316095
16.756,-0.00033229554230299643,0.0003862625863518043
16.766,-0.00031270455676346163,0.00038442770866160266
16.776,-0.0002926357338322579,0.00038261082760021576
16.786,-0.00027211874953675516,0.00038081176665525306
16.796,-0.00025124002984369144,0.0003790303510455717
16.806,-0.00023005829899507875,0.0003772664077042947
16.816,-0.00020863263967591002,0.0003755197652620014
16.826,-0.00018702224581317836,0.000373790254030073
16.836,-0.00016528634082778361,0.00037207770598421505
16.846,-0.00014348409136425295,0.0003703819547481245
16.856,-0.00012167439023832828,0.000368702835577333
16.866,-9.991587002660653e-05,0.00036704018534319924
16.876,-7.826672913679207e-05,0.00036539384251705915
16.886,-5.675895135537211e-05,0.000363763647154537
16.896,-3.547526543853375e-05,0.00036214944088000235
16.906,-1.4471958168384197e-05,0.0003605510668711879
16.916,6.195468820947746e-06,0.000358968369843949
16.926,2.6472407481276623e-05,0.00035740119603718456
16.936,4.6305356838221276e-05,0.00035584939319789063
16.946,6.564185116018575e-05,0.0003543128105663755
16.956,8.44307223461072e-05,0.00035279129886161046
16.966,0.00010262217354994086,0.0003512847102667259
16.976,0.00012016783985063221,0.0003497928984146539
16.986,0.00013704447379076865,0.0003483157183739046
16.996,0.00015318370241032314,0.0003468530266344899
17.006,0.00016854251511853356,0.00034540468109397733
17.016,0.00018307998188418905,0.000343970541043688
17.026,0.00019675733921122848,0.00034255046715502474
17.036,0.00020953828084579491,0.0003411443214659364
17.046,0.00022138906373454737,0.00033975196736751536
17.056,0.00023227863092528181,0.0003383732695907237
17.066,0.00024217886765614036,0.00033700809419325516
17.076,0.00025106467321960073,0.00033565630854651856
17.086,0.0002589355356963036,0.00033431778132275643
17.096,0.00026575158820407247,0.00033299238248228277
17.106,0.00027149776776713523,0.00033167998326085287
17.116,0.0002761626964961372,0.00033038045615715146
17.126,0.00027973866940862995,0.0003290936749204066
17.136,0.0002822217580541118,0.0003278195145381246
17.146,0.0002836119518164206,0.00032655785122394306
17.156,0.0002839130992114445,0.00032530856240560793
17.166,0.00028313293931694927,0.00032407152671306216
17.176,0.00028128316905075214,0.00032284662396665754
17.186,0.000278398824903816,0.0003216337351654761
17.196,0.0002744797652561088,0.0003204327424757716
17.206,0.0002695490939922267,0.00031924352921952083
17.216,0.00026363348437357753,0.0003180659798630863
17.226,0.00025676314680612137,0.00031689998000599675
17.236,0.00024897158938117517,0.00031574541636982705
17.246,0.00024029546918158208,0.0003146021767871982
17.256,0.0002307743821866609,0.0003134701501908761
17.266,0.00022045061852815078,0.0003123492266029849
17.276,0.00020936901895951158,0.0003112392971243189
17.286,0.00019759447075651596,0.00031014025392376595
17.296,0.00018515824715371342,0.00030905199022782993
17.306,0.00017211115981363378,0.00030797440031025687
17.316,0.00015850546153873423,0.00030690737948176554
17.326,0.00014439465385418163,0.0003058508240798753
17.336,0.00012983313934714105,0.0003048046314588357
17.346,0.00011487595019061845,0.0003037686999796532
17.356,9.957859042235382e-05,0.00030274292900021876
17.366,8.399663669494167e-05,0.00030172721886552933
17.376,6.818553127158324e-05,0.0003007214708980051
17.386,5.221669677338712e-05,0.0002997255873879053
17.396,3.612841708455674e-05,0.00029873947158383276
17.406,1.997443830012702e-05,0.00029776302768333744
17.416,3.8075239367533367e-06,0.0002967961608236056
17.426,-1.2320793501190598e-05,0.00029583877707224806
17.436,-2.8360266160391872e-05,0.0002948907834181697
17.446,-4.4262228260493654e-05,0.0002939520877625372
17.456,-5.9979642965546774e-05,0.00029302259890983003
17.466,-7.546721804341526e-05,0.00029210222655897956
17.476,-9.068162053762189e-05,0.0002911908812945988
17.486,-0.00010556658964478365,0.00029028847457829277
17.496,-0.00012009760116285978,0.0002893949187400596
17.506,-0.00013423741923800875,0.00028851012696977016
17.516,-0.00014795092164835666,0.0002876340133087383
17.526,-0.00016120522735712866,0.0002867664926413656
17.536,-0.00017396962791112262,0.00028590748068687535
17.546,-0.00018621561650259655,0.0002850568939911237
17.556,-0.00019791696663967552,0.0002842146499184907
17.566,-0.00020904957618839544,0.0002833806666438545
17.576,-0.00021959157876822043,0.00028255486314463966
17.586,-0.0002295097894877854,0.00028173715919294756
17.596,-0.00023880015867412845,0.0002809274753477605
17.606,-0.00024744729505981754,0.00028012573294722493
17.616,-0.00025543788860525845,0.00027933185410101025
17.626,-0.00026276068790044354,0.00027854576168273874
17.636,-0.00026940656529064055,0.0002777673793224958
17.646,-0.00027536834579536154,0.00027699663139940797
17.656,-0.00028064093020378756,0.00027623344303429867
17.666,-0.0002852212351752446,0.00027547774008241115
17.676,-0.00028910814012289863,0.00027472944912620756
17.686,-0.0002922902357459527,0.0002739884974682341
17.696,-0.0002947828122040218,0.0002732548131240604
17.706,-0.00029659081955707786,0.00027252832481528466
17.716,-0.00029772124273544896,0.00027180896196260973
17.726,-0.000298183091060866,0.0002710966546789859
17.736,-0.0002979874386905071,0.00027039133376282075
17.746,-0.00029714742282576723,0.0002696929306912576
17.756,-0.00029567822055308725,0.0002690013776135164
17.766,-0.0002935970927663413,0.0002683166073443042
17.776,-0.0002909233255312154,0.0002676385533572857
17.786,-0.0002876669683243479,0.00026696714977862213
17.796,-0.0002838626472425564,0.00026630233138057066
17.806,-0.00027953565717896486,0.00026564403357514635
17.816,-0.0002747132048227963,0.0002649921924078502
17.826,-0.00026942428571765785,0.00026434674455145244
17.836,-0.00026369970750347025,0.0002637076272998431
17.846,-0.0002575718456044128,0.0002630747785619378
17.856,-0.00025107454160682726,0.00026244813685564734
17.866,-0.0002442430899592977,0.00026182764130190374
17.876,-0.00023711388267152317,0.0002612132316187451
17.886,-0.00022971412286172747,0.000260604848115461
17.896,-0.00022209240988268477,0.0002600024316867912
17.906,-0.000214287622679478,0.00025940592380718547
17.916,-0.0002063391372206743,0.00025881526652511656
17.926,-0.00019828648121029055,0.00025823040245745086
17.936,-0.00019016915433239985,0.0002576512747838723
17.946,-0.00018202642793232817,0.00025707782724136404
17.956,-0.0001738970275499854,0.0002565100041187411
17.966,-0.0001658190149439897,0.00025594775025123795
17.976,-0.00015782948448595698,0.0002553910110151502
17.986,-0.00014995493993716987,0.0002548397323225265
17.996,-0.00014223939871854676,0.0002542938606159151
18.006,-0.00013471581155198066,0.00025375334286315937
18.016,-0.00012741544399976255,0.00025321812655224746
18.026,-0.00012036764636801344,0.0002526881596862084
18.036,-0.00011359962849441793,0.0002521633907780624
18.046,-0.00010713644425593972,0.0002516437688458181
18.056,-0.00010100078981318443,0.0002511292434075192
18.066,-9.521289699551191e-05,0.0002506197644763411
18.076,-8.979053116302981e-05,0.00025011528255573345
18.086,-8.474019405839032e-05,0.0002496157486346127
18.096,-8.008295526365508e-05,0.0002491211141825992
18.106,-7.582865095138212e-05,0.0002486313311453037
18.116,-7.198432463826234e-05,0.0002481463519396586
18.126,-6.855439611665338e-05,0.00024766612944929407
18.136,-6.55405589338034e-05,0.0002471906170199621
18.146,-6.294186750338604e-05,0.0002467197684550028
18.156,-6.0754773826709357e-05,0.0002462535380108574
18.166,-5.897313189218991e-05,0.00024579188039262315
18.176,-5.758829349088012e-05,0.00024533475074965384
18.186,-5.658140220958959e-05,0.0002448821046712015
18.196,-5.594689040218557e-05,0.0002444338981821026
18.206,-5.566914957610351e-05,0.00024399008773850618
18.216,-5.573044472254668e-05,0.0002435506302236418
18.226,-5.611100186805832e-05,0.00024311548294363275
18.236,-5.678918431538339e-05,0.00024268460362334647
18.246,-5.774158048432344e-05,0.0002422579504022891
18.256,-5.8943158296682506e-05,0.00024183548183053722
18.266,-6.036741248397895e-05,0.00024141715686471228
18.276,-6.198651590181542e-05,0.0002410029348639918
18.286,-6.376430786724893e-05,0.00024059277558616233
18.296,-6.567791948595161e-05,0.0002401866391837091
18.306,-6.769645814612142e-05,0.00023978448619994494
18.316,-6.978837527589271e-05,0.0002393862775651773
18.326,-7.192163574539522e-05,0.00023899197459291188
18.336,-7.406386240678909e-05,0.00023860153897609516
18.346,-7.61825249466023e-05,0.0002382149327833918
18.356,-7.82451336583108e-05,0.00023783211845550045
18.366,-8.021944760477619e-05,0.00023745305880150443
18.376,-8.20735988655883e-05,0.00023707771699525818
18.386,-8.3769791472279e-05,0.0002367060565718105
18.396,-8.528406688848515e-05,0.00023633804142386068
18.406,-8.658687299930176e-05,0.00023597363579825232
18.416,-8.764981209552388e-05,0.00023561280429249784
18.426,-8.844575238571827e-05,0.00023525551185134093
18.436,-8.894907266514422e-05,0.00023490172376334944
18.446,-8.913575457772575e-05,0.00023455140565754417
18.456,-8.898356314345155e-05,0.00023420452350005926
18.466,-8.8472207932575e-05,0.0002338610435908354
18.476,-8.758342344941081e-05,0.00023352093256034665
18.486,-8.629521036988651e-05,0.00023318415736635765
18.496,-8.45998054146687e-05,0.00023285068529071425
18.506,-8.248584758986912e-05,0.00023252048393616453
18.516,-7.994447709206372e-05,0.00023219352122321154
18.526,-7.696943084925374e-05,0.0002318697653869963
18.536,-7.355706053058575e-05,0.00023154918497421238
18.546,-6.970640738816246e-05,0.00023123174884005012
18.556,-6.541920294804417e-05,0.00023091742614517018
18.566,-6.0699947593822964e-05,0.0002306061863527084
18.576,-5.5555849484209185e-05,0.0002302979992253083
18.586,-4.999139412033465e-05,0.00022999283482218424
18.596,-4.402462229479495e-05,0.00022969066349621164
18.606,-3.767079330437454e-05,0.00022939145589104804
18.616,-3.094771722938245e-05,0.00022909518293827996
18.626,-2.387570060679654e-05,0.00022880181585459915
18.636,-1.6477440961841916e-05,0.00022851132613900668
18.646,-8.77793917430978e-06,0.00022822368557004342
18.656,-8.043586815809518e-07,0.00022793886620304894
18.666,7.414154926818154e-06,0.00022765684036744592
18.676,1.5846527654148785e-05,0.00022737758066405266
18.686,2.446501293435477e-05,0.00022710105996242056
18.696,3.323037640853515e-05,0.0002268272513981987
18.706,4.2106991574321566e-05,0.0002265561283705243
18.716,5.1058148327700747e-05,0.00022628766453943735
18.726,6.004614047631726e-05,0.0002260218338233228
18.736,6.903258458633275e-05,0.00022575861039637586
18.746,7.797856460327866e-05,0.00022549796868609356
18.756,8.684483279703244e-05,0.0002252398833707899
18.766,9.559212607477124e-05,0.00022498432937713628
18.776,0.00010418131821573402,0.000224731281877725
18.786,0.00011257815795325385,0.0002244807162886578
18.796,0.00012073996785612569,0.0002242326082671575
18.806,0.00012862937882535548,0.00022398693370920237
18.816,0.00013621005609397034,0.00022374366874718522
18.826,0.00014344686225397816,0.00022350278974759405
18.836,0.00015030608343804598,0.00022326427330871654
18.846,0.00015675561326118677,0.00022302809625836592
18.856,0.00016276509231580663,0.00022279423565163032
18.866,0.00016830610401040945,0.00022256266876864353
18.876,0.00017335231379822226,0.00022233337311237727
18.886,0.0001778836647540513,0.00022210632640645624
18.896,0.0001818741911826813,0.00022188150659299352
18.906,0.00018530442397818339,0.00022165889183044777
18.916,0.0001881573341590964,0.00022143846049150115
18.926,0.00019041850397602143,0.00022122019116095848
18.936,0.00019207596526329848,0.00022100406263366628
18.946,0.0001931203793561725,0.00022079005391245317
18.956,0.00019354497566989655,0.00022057814420608975
18.966,0.0001933454682218646,0.00022036831292726844
18.976,0.00019252010493829564,0.00022016053969060385
18.986,0.00019107333391800248,0.00021995480431065187
18.996,0.00018900437700386833,0.0002197510867999493
19.006,0.00018631852355948717,0.00021954936736707107
19.016,0.00018302316390160706,0.00021934962641470838
19.026,0.0001791277457158869,0.0002191518445377642
19.036,0.00017464364183448775,0.00021895600252146833
19.046,0.00016958389855098758,0.00021876208133951076
19.056,0.00016396323844169444,0.00021857006215219275
19.066,0.00015779782885384729,0.00021837992630459714
19.076,0.00015110515603613316,0.00021819165532477547
19.086,0.00014390730069672954,0.00021800523092195382
19.096,0.00013622047333829092,0.00021782063498475558
19.106,0.00012806518799476826,0.00021763784957944202
19.116,0.00011946266245155764,0.00021745685694817002
19.126,0.00011043468188009502,0.0002172776395072666
19.136,0.00010100346402383138,0.0002171001798455212
19.146,9.119160494547074e-05,0.00021692446072249348
19.156,8.102183719256811e-05,0.00021675046506683903
19.166,7.05170051586342e-05,0.0002165781759746503
19.176,5.9699940296804373e-05,0.00021640757670781494
19.186,4.859651375460969e-05,0.00021623865069238897
19.196,3.722617535724063e-05,0.00021607138151698738
19.206,2.561124457519406e-05,0.0002159057529311892
19.216,1.3773765079523886e-05,0.00021574174884395877
19.226,1.7354399537228256e-06,0.00021557935332208286
19.236,-1.0482428214936748e-05,0.0002154185505886222
19.246,-2.285889678891619e-05,0.00021525932502137928
19.256,-3.5373421180805186e-05,0.00021510166115138018
19.266,-4.800593888891755e-05,0.00021494554366137207
19.276,-6.073674664500572e-05,0.00021479095738433484
19.286,-7.35436551089117e-05,0.00021463788730200777
19.296,-8.641061981888904e-05,0.00021448631854343065
19.306,-9.931906784772095e-05,0.00021433623638349858
19.316,-0.0001122507006957371,0.00021418762624153184
19.326,-0.0001251874647003866,0.00021404047367985907
19.336,-0.00013811153418305665,0.00021389476440241496
19.346,-0.00015100519236347311,0.0002137504842533509
19.356,-0.0001638508395884396,0.00021360761921566024
19.366,-0.00017663086635961005,0.00021346615540981614
19.376,-0.00018932761063162953,0.0002133260790924232
19.386,-0.0002019207002590563,0.0002131873766548826
19.396,-0.00021439480050732012,0.0002130500346220695
19.406,-0.00022673175058827692,0.0002129140396510244
19.416,-0.00023891306478255768,0.00021277937852965637
19.426,-0.0002509199249597125,0.00021264603817546
19.436,-0.0002627331331253943,0.00021251400563424393
19.446,-0.0002743330606476071,0.0002123832680788727
19.456,-0.0002856996297170919,0.0002122538128080204
19.466,-0.00029681229906555864,0.00021212562724493673
19.476,-0.0003076500582410605,0.00021199869893622514
19.486,-0.0003181890578365537,0.0002118730155506331
19.496,-0.000328409786297778,0.00021174856487785398
19.506,-0.0003382899373333002,0.0002116253348273407
19.516,-0.0003478068695668675,0.0002115033134271314
19.526,-0.0003569375871820837,0.00021138248882268608
19.536,-0.00036565892131252897,0.00021126284927573512
19.546,-0.00037394752442370923,0.00021114438316313875
19.556,-0.00038177997162011743,0.00021102707897575784
19.566,-0.0003891329254068637,0.00021091092531733596
19.576,-0.000395983145533196,0.00021079591090339192
19.586,-0.00040230549780183344,0.00021068202456012383
19.596,-0.0004080795579100439,0.00021056925522332316
19.606,-0.0004132832329447804,0.00021045759193730014
19.616,-0.00041789507116603384,0.00021034702385381933
19.626,-0.00042189430944792635,0.00021023754023104553
19.636,-0.00042526110193541884,0.00021012913043250045
19.646,-0.0004279765993067503,0.0002100217839260291
19.656,-0.0004300230446211827,0.00020991549028277694
19.666,-0.00043138390507972425,0.00020981023917617623
19.676,-0.0004320440336034447,0.0002097060203809432
19.686,-0.0004319877512025913,0.00020960282377208446
19.696,-0.00043120491072200977,0.00020950063932391336
19.706,-0.00042968503629365836,0.00020939945710907602
19.716,-0.00042741942683642586,0.00020929926729758674
19.726,-0.0004244012472104354,0.00020920006015587333
19.736,-0.00042062554417267696,0.00020910182604583102
19.746,-0.0004160893977056675,0.00020900455542388656
19.756,-0.0004107919439963091,0.00020890823884007069
19.766,-0.0004047344539636026,0.0002088128669371003
19.776,-0.00039792039784409416,0.00020871843044946914
19.786,-0.0003903536153582717,0.00020862492020254803
19.796,-0.00038204384141243917,0.00020853232711169314
19.806,-0.0003730013086436948,0.00020844064218136348
19.816,-0.00036323849241291225,0.00020834985650424728
19.826,-0.0003527702147411818,0.0002082599612603962
19.836,-0.00034161361437088625,0.00020817094771636877
19.846,-0.0003297880949190568,0.00020808280722438177
19.856,-0.0003173153690370763,0.00020799553122147018
19.866,-0.0003042193345411979,0.00020790911122865526
19.876,-0.0002905261111005604,0.00020782353885012063
19.886,-0.00027626230295741967,0.00020773880577239698
19.896,-0.0002614598861366499,0.00020765490376355397
19.906,-0.00024615119210627615,0.00020757182467240088
19.916,-0.00023037045079185743,0.00020748956042769434
19.926,-0.0002141536879397687,0.0002074081030373546
19.936,-0.00019753863125396897,0.00020732744458768862
19.946,-0.00018056456791264722,0.00020724757724262176
19.956,-0.0001632722138922955,0.00020716849324293608
19.966,-0.00014570358583954879,0.00020709018490551668
19.976,-0.00012790185978742204,0.00020701264462260534
19.986,-0.00010990966614037048,0.00020693586486106132
19.996,-9.177350163570321e-05,0.00020685983816162953
20.006,-7.353899434623667e-05,0.00020678455713821583
20.016,-5.525223459753951e-05,0.00020671001447716952
20.026,-3.6959628728811245e-05,0.0002066362029365728
20.036,-1.8707716640182698e-05,0.0002065631153455371
20.046,-5.429703478719347e-07,0.00020649074460350663
20.056,1.748839940343242e-05,0.00020641908367956832
20.066,3.534058764229967e-05,0.0002063481256117689
20.076,5.296840154958123e-05,0.0002062778635064385
20.086,7.032876811869348e-05,0.00020620829053752098
20.096,8.737682693028858e-05,0.00020613939994591058
20.106,0.0001040702122244106,0.00020607118503879548
20.116,0.00012036779453672162,0.00020600363918900756
20.126,0.00013622987783841166,0.0002059367558343784
20.136,0.00015161831403268967,0.00020587052847710185
20.146,0.0001664966481084707,0.00020580495068310285
20.156,0.0001808302555858727,0.00020574001608141224
20.166,0.00019458639799075576,0.00020567571836354774
20.176,0.00020773440272079573,0.00020561205128290138
20.186,0.00022024697469933655,0.00020554900865413225
20.196,0.00023209647980680333,0.00020548658435256582
20.206,0.00024325884384596302,0.00020542477231359893
20.216,0.00025371226541496676,0.0002053635665321104
20.226,0.00026343734867660657,0.00020530296106187785
20.236,0.0002724171001781683,0.00020524295001499995
20.246,0.00028063689250271807,0.00020518352756132436
20.256,0.00028808455619238287,0.0002051246879278813
20.266,0.0002947503018761466,0.00020506642539832277
20.276,0.0003006267612214033,0.00020500873431236725
20.286,0.00030571007790347826,0.0002049516090652496
20.296,0.0003099963794562761,0.00020489504410717678
20.306,0.00031348525340396004,0.00020483903394278848
20.316,0.00031617849383327995,0.00020478357313062336
20.326,0.0003180800427467258,0.0002047286562825904
20.336,0.0003191958982858967,0.00020467427806344533
20.346,0.0003195340562473846,0.0002046204331902725
20.356,0.00031910437251578245,0.00020456711643197147
20.366,0.0003179185414477324,0.0002045143226087488
20.376,0.00031598990657808926,0.00020446204659161504
20.386,0.00031333443977676456,0.0002044102833018861
20.396,0.00030996753330908393,0.00020435902771069015
20.406,0.0003059069038823683,0.0002043082748384789
20.416,0.00030117157055216566,0.00020425801975454386
20.426,0.0002957817025857001,0.0002042082575765374
20.436,0.0002897584142314164,0.00020415898346999825
20.446,0.00028312377071473973,0.000204110192647882
20.456,0.00027590066055839513,0.00020406188037009595
20.466,0.0002681126121206354,0.00020401404194303854
20.476,0.00025978380706539284,0.00020396667271914358
20.486,0.0002509398949739196,0.00020391976809642842
20.496,0.0002416050459312423,0.00020387332351804715
20.506,0.00023180478596941008,0.00020382733447184772
20.516,0.00022156493920365684,0.00020378179648993362
20.526,0.00021091157940377261,0.00020373670514822986
20.536,0.00019987104528580837,0.00020369205606605314
20.546,0.00018846986840675116,0.00020364784490568626
20.556,0.0001767347447525529,0.00020360406737195662
20.566,0.00016469258292162766,0.00020356071921181915
20.576,0.0001523704372697084,0.00020351779621394288
20.586,0.0001397964211328756,0.000203475294208302
20.596,0.00012699710395490475,0.00020343320906577057
20.606,0.00011400013941815495,0.0002033915366977215
20.616,0.00010083340617752414,0.0002033502730556293
20.626,8.752504251294431e-05,0.0002033094141306767
20.636,7.410344352155748e-05,0.0002032689559533653
20.646,6.059727243052246e-05,0.00020322889459312973
20.656,4.7035470723840426e-05,0.00020318922615795607
20.666,3.3447276561014805e-05,0.0002031499467940035
20.676,1.9862219066510897e-05,0.00020311105268523005
20.686,6.310852081317114e-06,0.00020307254005302175
20.696,-7.177650831779267e-06,0.00020303440515582555
20.706,-2.0573135675785213e-05,0.00020299664428878594
20.716,-3.3845383977693844e-05,0.00020295925378338486
20.726,-4.69641088354303e-05,0.0002029222300070854
20.736,-5.989904207851587e-05,0.00020288556936297886
20.746,-7.262015444296355e-05,0.00020284926828943535
20.756,-8.509763366189324e-05,0.00020281332325975768
20.766,-9.73020716328125e-05,0.0002027777307818388
20.776,-0.00010920463123955038,0.00020274248739782257
20.786,-0.00012077639859380817,0.0002027075896837677
20.796,-0.00013199075601803657,0.00020267303424931535
20.806,-0.00014282133123963807,0.00020263881773735937
20.816,-0.00015324287479883257,0.00020260493682372057
20.826,-0.00016323145847411908,0.00020257138821682348
20.836,-0.00017276456061077457,0.00020253816865737674
20.846,-0.00018182122731476709,0.00020250527491805627
20.856,-0.00019038224995864559,0.00020247270380319192
20.866,-0.00019843019552165207,0.00020244045214845701
20.876,-0.0002059495824693046,0.00020240851682056066
20.886,-0.0002129262579993761,0.0002023768947169437
20.896,-0.00021934949607385566,0.00020234558276547703
20.906,-0.0002252100985896082,0.00020231457792416332
20.916,-0.00023050098973777973,0.00020228387718084127
20.926,-0.00023521731099707826,0.00020225347755289323
20.936,-0.00023935644421559582,0.00020222337608695522
20.946,-0.00024291790276149335,0.00020219356985863015
20.956,-0.0002459033545482529,0.00020216405597220366
20.966,-0.0002483165703461154,0.0002021348315603627
20.976,-0.00025016331372324093,0.00020210589378391716
20.986,-0.0002514507343332369,0.00020207723983152386
20.996,-0.00025218899677220886,0.00020204886691941356
21.006,-0.00025238934624829083,0.00020202077229112043
21.016,-0.00025206471143753473,0.0002019929532172143
21.026,-0.0002512294820974797,0.00020196540699503538
21.036,-0.00024989935370620667,0.00020193813094843192
21.046,-0.00024809130460649756,0.00020191112242750003
21.056,-0.00024582333600413055,0.00020188437880832623
21.066,-0.0002431144282107175,0.0002018578974927327
21.076,-0.00023998435189061745,0.00020183167590802464
21.086,-0.00023645294028039934,0.0002018057115067406
21.096,-0.00023254173635268527,0.00020178000176640469
21.106,-0.00022827208132632215,0.00020175454418928175
21.116,-0.00022366558298320507,0.0002017293363021346
21.126,-0.00021874406294107696,0.00020170437565598373
21.136,-0.00021352935781673382,0.00020167965982586947
21.146,-0.00020804327576305574,0.00020165518641061632
21.156,-0.00020230747520429363,0.0002016309530325997
21.166,-0.00019634339186943856,0.00020160695733751501
21.176,-0.00019017221996102545,0.00020158319699414883
21.186,-0.0001838142492920732,0.00020155966969415243
21.196,-0.00017729042767726695,0.0002015363731518176
21.206,-0.00017062073304524773,0.00020151330510385454
21.216,-0.0001638246583277555,0.00020149046330917195
21.226,-0.00015692125135948826,0.00020146784554865937
21.236,-0.000149929036885029,0.0002014454496249715
21.246,-0.00014286603137093776,0.00020142327336231488
21.256,-0.00013574978752725552,0.0002014013146062363
21.266,-0.00012859731795380027,0.0002013795712234137
21.276,-0.00012142518294762005,0.00020135804110144867
21.286,-0.00011424905273175878,0.00020133672214866155
21.296,-0.0001070850312170725,0.00020131561229388793
21.306,-9.994839139497883e-05,0.0002012947094862776
21.316,-9.285399080094297e-05,0.00020127401169509518
21.326,-8.581631186496089e-05,0.00020125351690952303
21.336,-7.884951348923863e-05,0.00020123322313846565
21.346,-7.196738115864106e-05,0.00020121312841035643
21.356,-6.518338753848359e-05,0.00020119323077296607
21.366,-5.8510677579246936e-05,0.0002011735282932128
21.376,-5.1962066280514167e-05,0.00020115401905697477
21.386,-4.554962144351659e-05,0.00020113470116890392
21.396,-3.928590181302341e-05,0.00020111557275224198
21.406,-3.318266011144238e-05,0.00020109663194863803
21.416,-2.725126229607338e-05,0.000201077876917968
21.426,-2.150261394751751e-05,0.00020105930583815595
21.436,-1.5947171622355594e-05,0.00020104091690499698
21.446,-1.0594889360236918e-05,0.000201022708331982
21.456,-5.455112636875536e-06,0.00020100467835012408
21.466,-5.366092366488579e-07,0.00020098682520778674
21.476,4.152518623422023e-06,0.00020096914717051366
21.486,8.605261599833212e-06,0.0002009516425208602
21.496,1.2814579782499706e-05,0.00020093430955822654
21.506,1.6774645820538397e-05,0.00020091714659869252
21.516,2.048044702497759e-05,0.00020090015197485398
21.526,2.392780960829318e-05,0.0002008833240356608
21.536,2.711350595791937e-05,0.00020086666114625651
21.546,3.003519910028447e-05,0.0002008501616878194
21.556,3.2691467393621164e-05,0.00020083382405740538
21.566,3.508186641391606e-05,0.00020081764666779207
21.576,3.720686355558875e-05,0.00020080162794732472
21.586,3.9068218119459715e-05,0.00020078576633976352
21.596,4.0667868353665566e-05,0.00020077006030413236
21.606,4.200900404401894e-05,0.00020075450831456924
21.616,4.3095690447287106e-05,0.00020073910886017778
21.626,4.393280135086366e-05,0.00020072386044488072
21.636,4.452600209666423e-05,0.00020070876158727438
21.646,4.488169395827231e-05,0.00020069381082048486
21.656,4.500696460973547e-05,0.00020067900669202543
21.666,4.490958557872212e-05,0.0002006643477636555
21.676,4.459791583115639e-05,0.0002006498326112408
21.686,4.408119604374039e-05,0.0002006354598246152
21.696,4.33685512417347e-05,0.00020062122800744347
21.706,4.246990221009761e-05,0.00020060713577708584
21.716,4.13956240999945e-05,0.00020059318176446353
21.726,4.0156450554498915e-05,0.0002005793646139258
21.736,3.876353387954552e-05,0.00020056568298311826
21.746,3.722834190146743e-05,0.00020055213554285244
21.756,3.5562654665242125e-05,0.00020053872097697666
21.766,3.377856456605323e-05,0.00020052543798224813
21.776,3.1888415671929125e-05,0.00020051228526820643
21.786,2.990509647595995e-05,0.000200499261557048
21.796,2.784112333228186e-05,0.00020048636558350216
21.806,2.570953095957848e-05,0.00020047359609470805
21.816,2.35235478319254e-05,0.000200460951850093
21.826,2.129655507627223e-05,0.00020044843162125197
21.836,1.9042055656040535e-05,0.00020043603419182823
21.846,1.6773697092147556e-05,0.00020042375835739514
21.856,1.4505155488572183e-05,0.00020041160292533921
21.866,1.2250174302834596e-05,0.0002003995667147442
21.876,1.0022489940264018e-05,0.00020038764855627634
21.886,7.836035807279018e-06,0.00020037584729207085
21.896,5.704149231494415e-06,0.00020036416177561932
21.906,3.6402275175171103e-06,0.00020035259087165845
21.916,1.6574847478520148e-06,0.0002003411334560596
21.926,-2.3113982383018582e-07,0.00020032978841571982
21.936,-2.0130732672962955e-06,0.00020031855464845342
21.946,-3.6761186208737946e-06,0.00020030743106288509
21.956,-5.208575781746996e-06,0.00020029641657834388
21.966,-6.5992932988843e-06,0.00020028551012475803
21.976,-7.837679530859201e-06,0.0002002747106425512
21.986,-8.913627686911956e-06,0.00020026401708253948
21.996,-9.818244934043001e-06,0.00020025342840582937
22.006,-1.0543159688775055e-05,0.00020024294358371702
22.016,-1.10808849601885e-05,0.0002002325615975881
22.026,-1.1424807950951952e-05,0.00020022228143881895
22.036,-1.1569311824762203e-05,0.00020021210210867862
22.046,-1.150975793042065e-05,0.00020020202261823174
22.056,-1.1242537222280501e-05,0.00020019204198824255
22.066,-1.0765128205129248e-05,0.00020018215924907966
22.076,-1.0076099706797899e-05,0.0002001723734406219
22.086,-9.174915177445549e-06,0.00020016268361216515
22.096,-8.062634245816492e-06,0.0002001530888223297
22.106,-6.741261614169539e-06,0.00020014358813896915
22.116,-5.213973894327683e-06,0.00020013418063907955
22.126,-3.4851080570599308e-06,0.00020012486540870985
22.136,-1.5601768690304743e-06,0.00020011564154287316
22.146,5.541167565608795e-07,0.00020010650814545873
22.156,2.8499076296263326e-06,0.000200097464329145
22.166,5.318132313503784e-06,0.00020008850921531327
22.176,7.948592914710841e-06,0.0002000796419339624
22.186,1.0730148038755768e-05,0.00020007086162362434
22.196,1.3650134935873994e-05,0.00020006216743128033
22.206,1.669497617541482e-05,0.00020005355851227815
22.216,1.984999382032105e-05,0.00020004503403024993
22.226,2.3099463934084072e-05,0.00020003659315703104
22.236,2.6426651414436296e-05,0.00020002823507257947
22.246,2.9813828670022322e-05,0.00020001995896489635
22.256,3.3242340251639246e-05,0.00020001176402994683
22.266,3.669264445778177e-05,0.00020000364947158226
22.276,4.01443306340732e-05,0.0001999956145014625
22.286,4.3576434134499865e-05,0.00019998765833897968
22.296,4.6966942243988004e-05,0.0001999797802111821
22.306,5.029341838996737e-05,0.0001999719793526992
22.316,5.353287376722492e-05,0.0001999642550056674
22.326,5.666195137440378e-05,0.0001999566064196561
22.336,5.9656980115827236e-05,0.00019994903285159513
22.346,6.249407608049712e-05,0.00019994153356570237
22.356,6.514935773442757e-05,0.00019993410783341228
22.366,6.759899210658532e-05,0.0001999267549333052
22.376,6.981937941066448e-05,0.00019991947415103715
22.386,7.178750343120208e-05,0.00019991226477927056
22.396,7.34805085299521e-05,0.00019990512611760546
22.406,7.48764506550151e-05,0.00019989805747251143
22.416,7.595425995553014e-05,0.00019989105815726029
22.426,7.669386667173513e-05,0.00019988412749185935
22.436,7.707642055840215e-05,0.00019987726480298528
22.446,7.708440528567717e-05,0.00019987046942391887
22.456,7.670186759889419e-05,0.00019986374069448003
22.466,7.59145152423112e-05,0.00019985707796096384
22.476,7.47097963733072e-05,0.00019985048057607693
22.486,7.307733194644497e-05,0.0001998439478988747
22.496,7.100842832147003e-05,0.00019983747929469892
22.506,6.849672159902292e-05,0.00019983107413511616
22.516,6.553813811073684e-05,0.00019982473179785672
22.526,6.213082284804312e-05,0.00019981845166675417
22.536,5.827539396311529e-05,0.0001998122331316855
22.546,5.3974845533806255e-05,0.00019980607558851184
22.556,4.9234570998027116e-05,0.00019979997843901974
22.566,4.406248776401138e-05,0.00019979394109086304
22.576,3.846886709550785e-05,0.00019978796295750547
22.586,3.246651619051314e-05,0.00019978204345816347
22.596,2.6070366049569334e-05,0.00019977618201774984
22.606,1.9297685539271233e-05,0.00019977037806681797
22.616,1.2168002744317424e-05,0.00019976463104150633
22.626,4.702965377294824e-06,0.00019975894038348383
22.636,-3.0738436098056853e-06,0.00019975330553989557
22.646,-1.1136869541711794e-05,0.00019974772596330904
22.656,-1.9458847038125274e-05,0.00019974220111166103
22.666,-2.8010899755107345e-05,0.0001997367304482049
22.676,-3.6762635893931964e-05,0.0001997313134414585
22.686,-4.568229374499735e-05,0.00019972594956515246
22.696,-5.473716074423288e-05,0.00019972063829817914
22.706,-6.389340203364843e-05,0.00019971537912454192
22.716,-7.311643546063837e-05,0.0001997101715333052
22.726,-8.237100811962651e-05,0.00019970501501854457
22.736,-9.162144752689634e-05,0.00019969990907929786
22.746,-0.00010083183094118569,0.0001996948532195163
22.756,-0.00010996616989405832,0.00019968984694801646
22.766,-0.00011898864530501425,0.0001996848897784325
22.776,-0.0001278637594118256,0.0001996799812291688
22.786,-0.00013655641293490534,0.00019967512082335334
22.796,-0.0001450325030110011,0.00019967030808879129
22.806,-0.0001532587269731328,0.00019966554255791916
22.816,-0.00016120288837969353,0.00019966082376775932
22.826,-0.00016883409164726026,0.00019965615125987508
22.836,-0.000176122931080371,0.00019965152458032616
22.846,-0.0001830416823079357,0.00019964694327962451
22.856,-0.00018956439371193047,0.00019964240691269075
22.866,-0.00019566708912580917,0.00019963791503881085
22.876,-0.00020132796095642192,0.00019963346722159331
22.886,-0.0002065273009148266,0.00019962906302892685
22.896,-0.00021124795712468527,0.00019962470203293835
22.906,-0.00021547515674616799,0.00019962038380995126
22.916,-0.00021919662174652466,0.00019961610794044454
22.926,-0.00022240268834296037,0.00019961187400901185
22.936,-0.00022508630827757805,0.00019960768160432114
22.946,-0.00022724305941705273,0.00019960353031907475
22.956,-0.00022887119067802343,0.0001995994197499699
22.966,-0.0002299715624129111,0.00019959534949765933
22.976,-0.0002305476135331008,0.0001995913191667127
22.986,-0.00023060516184132554,0.000199587328365578
22.996,-0.00023015263212948828,0.0001995833767065437
23.006,-0.000229200658470284,0.00019957946380570084
23.016,-0.00022776202888511775,0.00019957558928290599
23.026,-0.00022585153795502648,0.0001995717527617441
23.036,-0.0002234857993879352,0.00019956795386949215
23.046,-0.00022068306683908692,0.00019956419223708273
23.056,-0.0002174630509136967,0.00019956046749906823
23.066,-0.0002138466490454744,0.0001995567792935855
23.076,-0.00020985576809548812,0.00019955312726232052
23.086,-0.00020551299727479685,0.0001995495110504736
23.096,-0.00020084163037047457,0.000199545930306725
23.106,-0.0001958651466125813,0.00019954238468320072
23.116,-0.00019060706166725502,0.00019953887383543882
23.126,-0.00018509078687640874,0.00019953539742235577
23.136,-0.00017933932704150045,0.00019953195510621344
23.146,-0.0001733751044312232,0.00019952854655258632
23.156,-0.00016721977460480892,0.00019952517143032887
23.166,-0.00016089407377324464,0.00019952182941154357
23.176,-0.00015441767951901634,0.00019951852017154886
23.186,-0.00014780902402578087,0.00019951524338884772
23.196,-0.0001410854279903524,0.00019951199874509637
23.206,-0.00013426280064170694,0.00019950878592507344
23.216,-0.00012735571917301755,0.00019950560461664914
23.226,-0.0001203773742030246,0.00019950245451075526
23.236,-0.00011333961352121783,0.00019949933530135478
23.246,-0.00010625297372011566,0.00019949624668541243
23.256,-9.912676703064551e-05,0.0001994931883628651
23.266,-9.196915681596694e-05,0.0001994901600365927
23.276,-8.478727697778126e-05,0.00019948716141238938
23.286,-7.758726093325641e-05,0.0001994841921989348
23.296,-7.037463677363087e-05,0.00019948125210776595
23.306,-6.315423746839552e-05,0.00019947834085324914
23.316,-5.593040021942396e-05,0.00019947545815255212
23.326,-4.870717312920981e-05,0.00019947260372561674
23.336,-4.148845795846136e-05,0.00019946977729513166
23.346,-3.427814356044833e-05,0.0001994669785865054
23.356,-2.7080294841402976e-05,0.00019946420732783974
23.366,-1.9899290855871398e-05,0.00019946146324990326
23.376,-1.2739972091654566e-05,0.00019945874608610516
23.386,-5.607680883161182e-06,0.0001994560555724694
23.396,1.4914397407639064e-06,0.00019945339144760902
23.406,8.550462154710793e-06,0.00019945075345270078
23.416,1.5561604048846575e-05,0.00019944814133145998
23.426,2.2516147686208467e-05,0.00019944555483011563
23.436,2.940432179476185e-05,0.0001994429936973857
23.446,3.621531876403934e-05,0.00019944045768445276
23.456,4.293727813804493e-05,0.0001994379465449398
23.466,4.955725772309441e-05,0.00019943546003488633
23.476,5.6061239962893e-05,0.0001994329979127246
23.486,6.243423510112123e-05,0.00019943055993925624
23.496,6.866017172365869e-05,0.00019942814587762883
23.506,7.472211217553353e-05,0.00019942575549331315
23.516,8.060228714031048e-05,0.00019942338855408022
23.526,8.628218343756543e-05,0.00019942104482997876
23.536,9.174267466010037e-05,0.00019941872409331285
23.546,9.696414834806433e-05,0.0001994164261186199
23.556,0.00010192660742571727,0.00019941415068264868
23.566,0.00010660987535881825,0.00019941189756433748
23.576,0.00011099376848924418,0.00019940966654479297
23.586,0.00011505826278122222,0.0001994074574072686
23.596,0.00011878355160748827,0.00019940526993714378
23.606,0.00012215040426350534,0.00019940310392190292
23.616,0.00012514025749344138,0.00019940095915111473
23.626,0.00012773547876326641,0.00019939883541641196
23.636,0.00012991950102054248,0.00019939673251147093
23.646,0.00013167703502270153,0.00019939465023199166
23.656,0.00013299425402900957,0.000199392588375678
23.666,0.00013385895897933162,0.00019939054674221782
23.676,0.0001342607908937577,0.0001993885251332638
23.686,0.00013419140405340903,0.00019938652335241391
23.696,0.00013364442484386545,0.00019938454120519255
23.706,0.0001326157908986398,0.00019938257849903148
23.716,0.00013110379493216218,0.0001993806350432512
23.726,0.00012910916620266554,0.00019937871064904243
23.736,0.00012663514121058592,0.00019937680512944773
23.746,0.0001236875495820063,0.00019937491829934335
23.756,0.0001202748072305367,0.00019937304997542127
23.766,0.00011640790745771108,0.00019937119997617136
23.776,0.00011210047365166445,0.00019936936812186374
23.786,0.00010736871280802839,0.00019936755423453136
23.796,0.00010223122982328832,0.00019936575813795268
23.806,9.670908738470922e-05,0.0001993639796576345
23.816,9.082564908838517e-05,0.00019936221862079518
23.826,8.460645154948312e-05,0.00019936047485634765
23.836,7.807905751035104e-05,0.00019935874819488285
23.846,7.127287300707389e-05,0.00019935703846865336
23.856,6.42190090264653e-05,0.00019935534551155707
23.866,5.694999314845003e-05,0.00019935366915912092
23.876,4.949964303037756e-05,0.00019935200924848506
23.886,4.19028468145757e-05,0.00019935036561838701
23.896,3.419513187388504e-05,0.0001993487381091459
23.906,2.641265268396298e-05,0.00019934712656264708
23.916,1.8591801787787326e-05,0.0001993455308223267
23.926,1.0769013873787066e-05,0.00019934395073315647
23.936,2.980478326213411e-06,0.00019934238614162863
23.946,-4.738126884673556e-06,0.00019934083689574107
23.956,-1.2351867165479717e-05,0.0001993393028449825
23.966,-1.982679620897267e-05,0.00019933778384031785
23.976,-2.713018978361509e-05,0.00019933627973417383
23.986,-3.4230727727932855e-05,0.00019933479038042456
23.996,-4.10988113618688e-05,0.00019933331563437733
24.006,-4.770661163195979e-05,0.00019933185535275864
24.016,-5.402829302219717e-05,0.00019933040939370018
24.026,-6.004017299155385e-05,0.00019932897761672515
24.036,-6.572078329492743e-05,0.00019932755988273448
24.046,-7.105099575548061e-05,0.0001993261560539935
24.056,-7.601410651122361e-05,0.00019932476599411839
24.066,-8.059583307525389e-05,0.00019932338956806295
24.076,-8.478438653150337e-05,0.0001993220266421056
24.086,-8.857040505175925e-05,0.00019932067708383633
24.096,-9.194701486604296e-05,0.00019931934076214373
24.106,-9.490972203279925e-05,0.00019931801754720236
24.116,-9.745630784326806e-05,0.0001993167073104602
24.126,-9.958683437313374e-05,0.000199315409924626
24.136,-0.00010130347682666603,0.00019931412526365697
24.146,-0.00010261038481482144,0.0001993128532027467
24.156,-0.00010351365773860675,0.0001993115936183127
24.166,-0.00010402108539596263,0.00019931034638798474
24.176,-0.00010414209332528394,0.0001993091113905927
24.186,-0.00010388752090049214,0.00019930788850615504
24.196,-0.00010326955225920652,0.00019930667761586682
24.206,-0.00010230153998099821,0.00019930547860208853
24.216,-0.00010099779639954899,0.00019930429134833435
24.226,-9.93735120339535e-05,0.00019930311573926104
24.236,-9.74446097974255e-05,0.00019930195166065665
24.246,-9.522758504941458e-05,0.00019930079899942933
24.256,-9.273941056712988e-05,0.0001992996576435966
24.266,-8.999736732708777e-05,0.00019929852748227418
24.276,-8.701898276646257e-05,0.00019929740840566546
24.286,-8.382189997813207e-05,0.00019929630030505064
24.296,-8.042382217553796e-05,0.00019929520307277628
24.306,-7.684239242948796e-05,0.00019929411660224482
24.316,-7.309513471815916e-05,0.00019929304078790424
24.326,-6.919935935183728e-05,0.00019929197552523772
24.336,-6.517214248158227e-05,0.00019929092071075362
24.346,-6.103025303530937e-05,0.00019928987624197528
24.356,-5.679011948601717e-05,0.00019928884201743125
24.366,-5.246779340345448e-05,0.00019928781793664518
24.376,-4.807889537168578e-05,0.0001992868039001263
24.386,-4.3638624531321296e-05,0.00019928579980935967
24.396,-3.916177167810232e-05,0.00019928480556679647
24.406,-3.4662610342532815e-05,0.00019928382107584473
24.416,-3.0154968323655264e-05,0.00019928284624085992
24.426,-2.5652207757525353e-05,0.0001992818809671355
24.436,-2.1167202161724395e-05,0.00019928092516089386
24.446,-1.6712361109386627e-05,0.00019927997872927714
24.456,-1.2299630803586749e-05,0.00019927904158033828
24.466,-7.940502446500772e-06,0.00019927811362303202
24.476,-3.6460286208814915e-06,0.0001992771947672061
24.486,5.732279771981981e-07,0.00019927628492359242
24.496,4.707072776551283e-06,0.00019927538400379852
24.506,8.745738507865167e-06,0.00019927449192029884
24.516,1.2679888784670652e-05,0.0001992736085864263
24.526,1.650057712534434e-05,0.0001992727339163638
24.536,2.0199267420944124e-05,0.00019927186782513608
24.546,2.3767832505805505e-05,0.00019927101022860114
24.556,2.7198536045832698e-05,0.0001992701610434424
24.566,3.048404255142639e-05,0.0001992693201871604
24.576,3.361744213646587e-05,0.00019926848757806484
24.586,3.659222733280852e-05,0.00019926766313526663
24.596,3.9402289467315975e-05,0.00019926684677867008
24.606,4.204201033426483e-05,0.00019926603842896506
24.616,4.450620324856339e-05,0.00019926523800761935
24.626,4.679018053462527e-05,0.00019926444543687092
24.636,4.888969829882912e-05,0.00019926366063972053
24.646,5.0801049319823464e-05,0.00019926288353992408
24.656,5.252110394425793e-05,0.00019926211406198527
24.666,5.404723682590587e-05,0.00019926135213114835
24.676,5.5377404703679553e-05,0.00019926059767339072
24.686,5.651020109651387e-05,0.0001992598506154158
24.696,5.7444791016733974e-05,0.00019925911088464592
24.706,5.818103259228578e-05,0.00019925837840921527
24.716,5.871941810820811e-05,0.00019925765311796292
24.726,5.906111597758692e-05,0.0001992569349404258
24.736,5.9208018576316436e-05,0.00019925622380683212
24.746,5.916271343850175e-05,0.0001992555196480942
24.756,5.892853015770107e-05,0.00019925482239580217
24.766,5.850956362911898e-05,0.00019925413198221704
24.776,5.7910621757877286e-05,0.00019925344834026418
24.786,5.713727996791379e-05,0.00019925277140352688
24.796,5.619587051081331e-05,0.00019925210110623989
24.806,5.5093449948397005e-05,0.0001992514373832829
24.816,5.383782280439782e-05,0.00019925078017017436
24.826,5.2437519734869826e-05,0.00019925012940306516
24.836,5.090176495726492e-05,0.0001992494850187324
24.846,4.924047505763334e-05,0.00019924884695457333
24.856,4.746416669127354e-05,0.00019924821514859912
24.866,4.558399998886204e-05,0.00019924758953942902
24.876,4.3611671707633945e-05,0.00019924697006628425
24.886,4.155937480860186e-05,0.00019924635666898223
24.896,3.943974933285096e-05,0.00019924574928793055
24.906,3.726579499774997e-05,0.00019924514786412136
24.916,3.5050853902587356e-05,0.00019924455233912556
24.926,3.2808504024341864e-05,0.00019924396265508706
24.936,3.055242049778896e-05,0.00019924337875471733
24.946,2.8296437320521262e-05,0.00019924280058128966
24.956,2.6054311338712672e-05,0.00019924222807863373
24.966,2.3839703606420573e-05,0.00019924166119113018
24.976,2.166615569065517e-05,0.0001992410998637051
24.986,1.9546873098707375e-05,0.00019924054404182482
24.996,1.749472702337037e-05,0.0001992399936714905
25.006,1.5522140562569157e-05,0.00019923944869923297
25.016,1.3640971364729254e-05,0.0001992389090721074
25.026,1.186253869182774e-05,0.00019923837473768833
25.036,1.0197422420311842e-05,0.00019923784564406446
25.046,8.65545082584693e-06,0.00019923732173983367
25.056,7.245682500466234e-06,0.00019923680297409795
25.066,5.976214828899026e-06,0.00019923628929645852
25.076,4.8542576118812166e-06,0.00019923578065701096
25.086,3.886046714112687e-06,0.00019923527700634023
25.096,3.0767244537816617e-06,0.00019923477829551602
25.106,2.43044743732853e-06,0.0001992342844760879
25.116,1.950264599259302e-06,0.0001992337955000807
25.126,1.6381293972244725e-06,0.00019923331131998972
25.136,1.4949147903411505e-06,0.00019923283188877627
25.146,1.5203665879580204e-06,0.00019923235715986292
25.156,1.7131533463714916e-06,0.00019923188708712914
25.166,2.070896269177963e-06,0.00019923142162490677
25.176,2.590143402853039e-06,0.00019923096072797556
25.186,3.2664645037601075e-06,0.0001992305043515587
25.196,4.094425467134975e-06,0.00019923005245131865
25.206,5.067705433737647e-06,0.00019922960498335273
25.216,6.179150405130217e-06,0.00019922916190418883
25.226,7.42078200989949e-06,0.00019922872317078118
25.236,8.783942335385959e-06,0.0001992282887405063
25.246,1.025933972113723e-05,0.0001992278585711587
25.256,1.1837115563423796e-05,0.00019922743262094683
25.266,1.3506950747639971e-05,0.00019922701084848914
25.276,1.5258177155878741e-05,0.0001992265932128098
25.286,1.707984450713258e-05,0.00019922617967333501
25.296,1.896082198105022e-05,0.00019922577018988884
25.306,2.088991723291047e-05,0.00019922536472268942
25.316,2.2855931799969212e-05,0.00019922496323234508
25.326,2.484781406729006e-05,0.00019922456567985055
25.336,2.6854697052251498e-05,0.00019922417202658302
25.346,2.8866014146637435e-05,0.0001992237822342986
25.356,3.087159326577918e-05,0.00019922339626512843
25.366,3.286171012509383e-05,0.0001992230140815751
25.376,3.4827161367453874e-05,0.00019922263564650896
25.386,3.6759338424528545e-05,0.0001992222609231646
25.396,3.865024491501102e-05,0.0001992218898751371
25.406,4.0492546826009405e-05,0.00019922152246637864
25.416,4.2279607229810074e-05,0.00019922115866119504
25.426,4.400549073758896e-05,0.0001992207984242421
25.436,4.566496725627963e-05,0.00019922044172052234
25.446,4.725350674584772e-05,0.0001992200885153815
25.456,4.8767221116710786e-05,0.00019921973877450527
25.466,5.0202858321186584e-05,0.00019921939246391582
25.476,5.155775700652836e-05,0.0001992190495499687
25.486,5.2829789516761706e-05,0.00019921870999934927
25.496,5.401723656725466e-05,0.0001992183737790698
25.506,5.511876857960289e-05,0.000199218040856466
25.516,5.6133355622146666e-05,0.00019921771119919406
25.526,5.7060164522582704e-05,0.0001992173847752273
25.536,5.789848612546595e-05,0.00019921706155285321
25.546,5.86476056413652e-05,0.00019921674150067032
25.556,5.9306771152655964e-05,0.00019921642458758511
25.566,5.9875076586894614e-05,0.00019921611078280909
25.576,6.035135914481576e-05,0.0001992158000558557
25.586,6.073420447955073e-05,0.00019921549237653742
25.596,6.102177536553249e-05,0.00019921518771496275
25.606,6.121181429677178e-05,0.00019921488604153346
25.616,6.130161612943274e-05,0.00019921458732694158
25.626,6.12879694426966e-05,0.00019921429154216657
25.636,6.116718371618828e-05,0.00019921399865847257
25.646,6.0935026492905836e-05,0.00019921370864740555
25.656,6.058676441949321e-05,0.0001992134214807905
25.666,6.0117234570080476e-05,0.00019921313713072884
25.676,5.9520823848798344e-05,0.0001992128555695956
25.686,5.879158749982832e-05,0.00019921257677003675
25.696,5.792328707046647e-05,0.0001992123007049665
25.706,5.690943905858064e-05,0.0001992120273475648
25.716,5.57434671791252e-05,0.0001992117566712746
25.726,5.4418790102986556e-05,0.00019921148864979936
25.736,5.292890685329522e-05,0.00019921122325710044
25.746,5.126751604652198e-05,0.00019921096046739457
25.756,4.942862435986024e-05,0.00019921070025515138
25.766,4.740669888997561e-05,0.00019921044259509093
25.776,4.519671686836697e-05,0.0001992101874621812
25.786,4.2794323828335184e-05,0.00019920993483163568
25.796,4.019592548631401e-05,0.000199209684678911
25.806,3.7398744589820814e-05,0.00019920943697970448
25.816,3.4400987287717843e-05,0.0001992091917099518
25.826,3.120188876489916e-05,0.0001992089488458247
25.836,2.7801720552858984e-05,0.0001992087083637286
25.846,2.4201916198634694e-05,0.00019920847024030037
25.856,2.040513042323911e-05,0.00019920823445240598
25.866,1.641523445770143e-05,0.00019920800097713833
25.876,1.223735016404054e-05,0.00019920776979181497
25.886,7.877862078363694e-06,0.000199207540873976
25.896,3.344409740820751e-06,0.0001992073142013817
25.906,-1.354093369140501e-06,0.00019920708975201053
25.916,-6.207507528678247e-06,0.00019920686750405696
25.926,-1.120448865324419e-05,0.00019920664743592928
25.936,-1.6332518209454642e-05,0.0001992064295262476
25.946,-2.1577992085616136e-05,0.00019920621375384172
25.956,-2.6926233804128425e-05,0.00019920600009774904
25.966,-3.2361572073591295e-05,0.00019920578853721262
25.976,-3.786743989203326e-05,0.00019920557905167904
25.986,-4.3426411984786896e-05,0.00019920537162079651
25.996,-4.902034378472486e-05,0.00019920516622441288
26.006,-5.463041424348932e-05,0.00019920496284257357
26.016,-6.023726757693848e-05,0.0001992047614555198
26.026,-6.582111236904105e-05,0.00019920456204368657
26.036,-7.13618039828852e-05,0.0001992043645877007
26.046,-7.683897826927066e-05,0.00019920416906837914
26.056,-8.223218743645292e-05,0.00019920397546672688
26.066,-8.752100177302288e-05,0.0001992037837639353
26.076,-9.268513159283316e-05,0.0001992035939413802
26.086,-9.770456968010077e-05,0.00019920340598062006
26.096,-0.00010255970323536887,0.0001992032198633943
26.106,-0.00010723146654086008,0.00019920303557162132
26.116,-0.0001117014239561317,0.00019920285308739694
26.126,-0.00011595191424159191,0.00019920267239299262
26.136,-0.00011996619651371272,0.00019920249347085364
26.146,-0.00012372850088882063,0.00019920231630359746
26.156,-0.00012722417224665143,0.00019920214087401205
26.166,-0.00013043977242028557,0.0001992019671650542
26.176,-0.00013336315700616277,0.00019920179515984788
26.186,-0.0001359835090802783,0.00019920162484168255
26.196,-0.00013829150536493184,0.00019920145619401155
26.206,-0.00014027929081282433,0.00019920128920045054
26.216,-0.00014194050205450188,0.0001992011238447759
26.226,-0.0001432703703498034,0.00019920096011092307
26.236,-0.00014426566446975795,0.00019920079798298515
26.246,-0.00014492472776298147,0.00019920063744521113
26.256,-0.000145247438854568,0.0001992004784820046
26.266,-0.00014523517431655751,0.00019920032107792205
26.276,-0.00014489078994321105,0.00019920016521767148
26.286,-0.00014421852789798481,0.00019920001088611085
26.296,-0.00014322397084913057,0.00019919985806824667
26.306,-0.00014191393598832636,0.00019919970674923244
26.316,-0.0001402963794585071,0.00019919955691436735
26.326,-0.00013838034448980586,0.00019919940854909473
26.336,-0.00013617577905254463,0.00019919926163900072
26.346,-0.0001336934767898214,0.00019919911616981278
26.356,-0.00013094496388869615,0.00019919897212739842
26.366,-0.00012794232800916334,0.0001991988294977637
26.376,-0.00012469817628551417,0.00019919868826705198
26.386,-0.00012122546163589008,0.0001991985484215425
26.396,-0.00011753742661083986,0.0001991984099476491
26.406,-0.00011364752374105487,0.00019919827283191883
26.416,-0.00010956924255438854,0.00019919813706103075
26.426,-0.00010531608632681155,0.00019919800262179453
26.436,-0.00010090152115083785,0.0001991978695011492
26.446,-9.633886510327893e-05,0.00019919773768616194
26.456,-9.164132010208034e-05,0.00019919760716402674
26.466,-8.682187245789902e-05,0.00019919747792206317
26.476,-8.189327824501071e-05,0.00019919734994771525
26.486,-7.686811340993499e-05,0.0001991972232285501
26.496,-7.175869991528957e-05,0.00019919709775225675
26.506,-6.657715343511246e-05,0.00019919697350664507
26.516,-6.133543587115543e-05,0.00019919685047964437
26.526,-5.604531367710103e-05,0.00019919672865930245
26.536,-5.07184005100443e-05,0.0001991966080337843
26.546,-4.536622097194479e-05,0.00019919648859137098
26.556,-4.000019683400757e-05,0.00019919637032045855
26.566,-3.463169023933729e-05,0.00019919625320955676
26.576,-2.9272053960381994e-05,0.00019919613724728817
26.586,-2.393259962965503e-05,0.0001991960224223869
26.596,-1.862462625383246e-05,0.00019919590872369755
26.606,-1.3359415417894025e-05,0.00019919579614017415
26.616,-8.14823238448519e-06,0.00019919568466087904
26.626,-3.0023025856265575e-06,0.0001991955742749819
26.636,2.0672437496320836e-06,0.00019919546497175854
26.646,7.0493995758412185e-06,0.00019919535674059005
26.656,1.1933309266584851e-05,0.0001991952495709616
26.666,1.6708375407841688e-05,0.00019919514345246155
26.676,2.136427098928892e-05,0.00019919503837478034
26.686,2.5891047677766815e-05,0.00019919493432770952
26.696,3.027925363197731e-05,0.00019919483130114078
26.706,3.451992080095541e-05,0.00019919472928506496
26.716,3.860472517772059e-05,0.00019919462826957108
26.726,4.2526021176108887e-05,0.00019919452824484533
26.736,4.627687088971679e-05,0.00019919442920117016
26.746,4.98512069489538e-05,0.00019919433112892338
26.756,5.3243806942638264e-05,0.00019919423401857714
26.766,5.6450342730375984e-05,0.00019919413786069704
26.776,5.946745409155917e-05,0.00019919404264594117
26.786,6.229269421115725e-05,0.00019919394836505938
26.796,6.492454356710404e-05,0.00019919385500889207
26.806,6.736242068426509e-05,0.0001991937625683696
26.816,6.960661456488368e-05,0.00019919367103451126
26.826,7.165826925907176e-05,0.0001991935803984244
26.836,7.351928653359313e-05,0.00019919349065130362
26.846,7.519225894489352e-05,0.00019919340178442985
26.856,7.668039663064188e-05,0.00019919331378916958
26.866,7.798741641901926e-05,0.00019919322665697394
26.876,7.911746216072765e-05,0.00019919314037937792
26.886,8.007495117812633e-05,0.00019919305494799954
26.896,8.0864504909559e-05,0.00019919297035453904
26.906,8.149085633905668e-05,0.00019919288659077803
26.916,8.195869245473036e-05,0.00019919280364857876
26.926,8.227259990639206e-05,0.0001991927215198833
26.936,8.243696005678272e-05,0.00019919264019671273
26.946,8.245582131170541e-05,0.0001991925596711664
26.956,8.233288542902808e-05,0.00019919247993542113
26.966,8.207143968910677e-05,0.0001991924009817305
26.976,8.167424111833646e-05,0.00019919232280242406
26.986,8.114358050594051e-05,0.00019919224538990658
26.996,8.048117212033856e-05,0.00019919216873665732
27.006,7.968815107251263e-05,0.00019919209283522936
27.016,7.876516802228267e-05,0.00019919201767824873
27.026,7.771231050620274e-05,0.00019919194325841385
27.036,7.652913193235579e-05,0.00019919186956849472
27.046,7.521475323802484e-05,0.00019919179660133227
27.056,7.37678644768749e-05,0.0001991917243498377
27.066,7.218679474590096e-05,0.00019919165280699158
27.076,7.046961150550481e-05,0.0001991915819658435
27.086,6.861411818891646e-05,0.00019919151181951113
27.096,6.661797161118353e-05,0.00019919144236117965
27.106,6.447877854174869e-05,0.00019919137358410114
27.116,6.219414490015967e-05,0.00019919130548159375
27.126,5.9761768545873236e-05,0.00019919123804704126
27.136,5.717954346654549e-05,0.00019919117127389232
27.146,5.444560717117897e-05,0.00019919110515565985
27.156,5.155842220589514e-05,0.00019919103968592033
27.166,4.85168608306117e-05,0.00019919097485831332
27.176,4.5320260499751876e-05,0.0001991909106665407
27.186,4.196850674759979e-05,0.00019919084710436622
27.196,3.846206934121779e-05,0.00019919078416561465
27.206,3.480206165731732e-05,0.00019919072184417148
27.216,3.0990292093673426e-05,0.00019919066013398203
27.226,2.7029295756614645e-05,0.00019919059902905113
27.236,2.2922319878510864e-05,0.00019919053852344233
27.246,1.8673428494088575e-05,0.00019919047861127745
27.256,1.4287474460914896e-05,0.00019919041928673591
27.266,9.770071973060012e-06,0.0001991903605440543
27.276,5.127647142891636e-06,0.00019919030237752566
27.286,3.674139528475876e-07,0.00019919024478149902
27.296,-4.50266211821226e-06,0.00019919018775037885
27.306,-9.4738434309723e-06,0.00019919013127862455
27.316,-1.4536691721985244e-05,0.00019919007536074978
27.326,-1.9681110740966138e-05,0.00019919001999132204
27.336,-2.4896300463487373e-05,0.00019918996516496215
27.346,-3.0170869436017777e-05,0.0001991899108763436
27.356,-3.549289157928225e-05,0.00019918985712019224
27.366,-4.084991100701626e-05,0.00019918980389128555
27.376,-4.622899466920031e-05,0.00019918975118445227
27.386,-5.161679223834421e-05,0.0001991896989945719
27.396,-5.699958631172691e-05,0.00019918964731657407
27.406,-6.236337206772942e-05,0.00019918959614543825
27.416,-6.769386949061763e-05,0.00019918954547619306
27.426,-7.297654393353703e-05,0.00019918949530391592
27.436,-7.819670747574194e-05,0.00019918944562373253
27.446,-8.333957603764205e-05,0.0001991893964308164
27.456,-8.839026710074484e-05,0.00019918934772038838
27.466,-9.333383734477595e-05,0.00019918929948771615
27.476,-9.815537996947466e-05,0.0001991892517281139
27.486,-0.00010284002588313519,0.0001991892044369417
27.496,-0.00010737299510676222,0.00019918915760960512
27.506,-0.00011173965374543076,0.00019918911124155485
27.516,-0.00011592552434812319,0.00019918906532828616
27.526,-0.00011991632466657734,0.00019918901986533855
27.536,-0.0001236980477315017,0.00019918897484829518
27.546,-0.00012725700517270718,0.00019918893027278263
27.556,-0.00013057984312565775,0.00019918888613447032
27.566,-0.0001336535865373679,0.00019918884242907012
27.576,-0.00013646572175163502,0.00019918879915233604
27.586,-0.00013900426559556746,0.00019918875630006366
27.596,-0.0001412577551585749,0.00019918871386808985
27.606,-0.00014321531887528835,0.00019918867185229227
27.616,-0.00014486681158091982,0.000199188630248589
27.626,-0.00014620279494253628,0.00019918858905293825
27.636,-0.00014721460043450374,0.00019918854826133777
27.646,-0.00014789444318712418,0.00019918850786982458
27.656,-0.00014823542022123065,0.00019918846787447464
27.666,-0.00014823157276879309,0.00019918842827140233
27.676,-0.00014787797911251655,0.00019918838905676016
27.686,-0.00014717075400262747,0.00019918835022673836
27.696,-0.00014610712263053239,0.00019918831177756459
27.706,-0.00014468546196187032,0.00019918827370550338
27.716,-0.00014290528458649326,0.00019918823600685606
27.726,-0.0001407673177837172,0.0001991881986779601
27.736,-0.00013827350028886812,0.00019918816171518897
27.746,-0.00013542693478048204,0.0001991881251149517
27.756,-0.00013223197928866295,0.00019918808887369252
27.766,-0.0001286941805707523,0.00019918805298789054
27.776,-0.00012482023792548673,0.0001991880174540594
27.786,-0.00012061803519870386,0.00019918798226874695
27.796,-0.00011609652080875736,0.0001991879474285349
27.806,-0.0001112657232305954,0.00019918791293003848
27.816,-0.00010613669530289854,0.00019918787876990607
27.826,-0.00010072142697869373,0.00019918784494481903
27.836,-9.503281050335819e-05,0.00019918781145149118
27.846,-8.908456100940049e-05,0.0001991877782866686
27.856,-8.289115686799234e-05,0.00019918774544712927
27.866,-7.646777030406375e-05,0.0001991877129296828
27.876,-6.983019783115958e-05,0.00019918768073117006
27.886,-6.29947870797326e-05,0.00019918764884846297
27.896,-5.59783808294084e-05,0.00019918761727846402
27.906,-4.8798248166420115e-05,0.0001991875860181062
27.916,-4.1472022137452026e-05,0.00019918755506435247
27.926,-3.401768205955623e-05,0.0001991875244141957
27.936,-2.645347704502094e-05,0.0001991874940646581
27.946,-1.879789055657851e-05,0.00019918746401279125
27.956,-1.1069632747167086e-05,0.00019918743425567553
27.966,-3.287570132644997e-06,0.00019918740479042002
27.976,4.529259406953888e-06,0.00019918737561416212
27.986,1.2361681043112888e-05,0.0001991873467240673
27.996,2.0190379739824497e-05,0.00019918731811732887
28.006,2.7995917923567298e-05,0.00019918728979116765
28.016,3.575874925128781e-05,0.00019918726174283173
28.026,4.345918996344631e-05,0.00019918723396959614
28.036,5.1077493138178525e-05,0.0001991872064687627
28.046,5.8593788663919916e-05,0.00019918717923765963
28.056,6.598809873398981e-05,0.00019918715227364145
28.066,7.324038714876352e-05,0.00019918712557408854
28.076,8.033053668387883e-05,0.00019918709913640699
28.086,8.723839921219025e-05,0.00019918707295802837
28.096,9.394378251533967e-05,0.0001991870470364094
28.106,0.00010042653574019903,0.00019918702136903176
28.116,0.00010666657676594948,0.00019918699595340185
28.126,0.00011264388672135887,0.00019918697078705048
28.136,0.00011833866844614227,0.00019918694586753275
28.146,0.0001237313611317387,0.00019918692119242764
28.156,0.0001288026931657821,0.00019918689675933794
28.166,0.00013353383266370952,0.00019918687256589
28.176,0.0001379064214764409,0.00019918684860973333
28.186,0.00014190269371472204,0.0001991868248885406
28.196,0.00014550558744210314,0.00019918680140000721
28.206,0.00014869882152739925,0.0001991867781418513
28.216,0.00015146704248468937,0.00019918675511181323
28.226,0.00015379592679201447,0.00019918673230765566
28.236,0.00015567227159305462,0.00019918670972716312
28.246,0.00015708412730159173,0.00019918668736814186
28.256,0.00015802090695960581,0.0001991866652284197
28.266,0.00015847345496250095,0.0001991866433058457
28.276,0.00015843418210708705,0.0001991866215982901
28.286,0.00015789714036894688,0.00019918660010364396
28.296,0.0001568580836449097,0.00019918657881981905
28.306,0.0001553145712203805,0.00019918655774474762
28.316,0.0001532659763295053,0.00019918653687638218
28.326,0.00015071354992056313,0.00019918651621269535
28.336,0.00014766044531839293,0.00019918649575167966
28.346,0.00014411170549431674,0.00019918647549134724
28.356,0.00014007428343930554,0.00019918645542972983
28.366,0.00013555699751250337,0.00019918643556487837
28.376,0.00013057047958807918,0.00019918641589486297
28.386,0.00012512713470415362,0.00019918639641777267
28.396,0.00011924105083920307,0.00019918637713171527
28.406,0.0001129279216629095,0.00019918635803481706
28.416,0.00010620491410749791,0.0001991863391252228
28.426,9.909056419624135e-05,0.00019918632040109534
28.436,9.16046745401648e-05,0.00019918630186061565
28.446,8.376814789256923e-05,0.00019918628350198248
28.456,7.560288269114766e-05,0.0001991862653234123
28.466,6.71316101035997e-05,0.00019918624732313895
28.476,5.837775362093383e-05,0.00019918622949941376
28.486,4.936530351808365e-05,0.00019918621185050512
28.496,4.011867338099147e-05,0.0001991861943746984
28.506,3.066259457442639e-05,0.0001991861770702958
28.516,2.1021993991870706e-05,0.0001991861599356162
28.526,1.1221899249219623e-05,0.00019918614296899492
28.536,1.287356510243039e-06,0.0001991861261687836
28.546,-8.756635560736844e-06,0.00019918610953335015
28.556,-1.888519836277534e-05,0.00019918609306107836
28.566,-2.9073599786643597e-05,0.00019918607675036793
28.576,-3.92972565466563e-05,0.0001991860605996343
28.586,-4.953175834703122e-05,0.00019918604460730834
28.596,-5.9752869413030155e-05,0.00019918602877183644
28.606,-6.993649288705877e-05,0.0001991860130916801
28.616,-8.005865067576599e-05,0.00019918599756531602
28.626,-9.009545253156762e-05,0.00019918598219123576
28.636,-0.00010002304858362085,0.00019918596696794574
28.646,-0.00010981761619770768,0.00019918595189396697
28.656,-0.0001194553103158754,0.000199185936967835
28.666,-0.00012891220847610903,0.00019918592218809975
28.676,-0.00013816429353230054,0.00019918590755332532
28.686,-0.0001471874757202659,0.00019918589306208996
28.696,-0.00015595758597091027,0.0001991858787129858
28.706,-0.00016445035028401762,0.00019918586450461882
28.716,-0.00017264142934196296,0.00019918585043560865
28.726,-0.0001805065085798953,0.00019918583650458847
28.736,-0.00018802132708183866,0.00019918582271020486
28.746,-0.000195161747445697,0.00019918580905111768
28.756,-0.00020190390418687736,0.00019918579552599994
28.766,-0.0002082242685270607,0.00019918578213353765
28.776,-0.0002140997866554511,0.0001991857688724297
28.786,-0.0002195080496908627,0.00019918575574138776
28.796,-0.00022442741291769935,0.00019918574273913617
28.806,-0.00022883715917224,0.00019918572986441172
28.816,-0.00023271767632819366,0.0001991857171159636
28.826,-0.0002360505973184443,0.00019918570449255327
28.836,-0.00023881898456531392,0.00019918569199295436
28.846,-0.00024100747730373457,0.00019918567961595257
28.856,-0.00024260243055010622,0.0001991856673603454
28.866,-0.00024359210309621887,0.0001991856552249422
28.876,-0.00024396674705465352,0.00019918564320856402
28.886,-0.00024371873482672307,0.00019918563131004347
28.896,-0.00024284271045277463,0.00019918561952822456
28.906,-0.00024133565661121518,0.00019918560786196267
28.916,-0.00023919694708150575,0.00019918559631012443
28.926,-0.00023642842505590433,0.00019918558487158757
28.936,-0.0002330344601352179,0.00019918557354524079
28.946,-0.00022902195325195842,0.00019918556232998374
28.956,-0.000224400348484,0.00019918555122472683
28.966,-0.00021918162886532458,0.00019918554022839118
28.976,-0.00021338025765390512,0.0001991855293399085
28.986,-0.0002070131955722207,0.0001991855185582209
28.996,-0.00020009978751304923,0.000199185507882281
29.006,-0.00019266165685338378,0.00019918549731105155
29.016,-0.00018472270881207534,0.00019918548684350558
29.026,-0.00017630894178763092,0.00019918547647862617
29.036,-0.00016744834859874845,0.00019918546621540634
29.046,-0.00015817083523270604,0.00019918545605284897
29.056,-0.00014850800232798657,0.0001991854459899668
29.066,-0.00013849303766310712,0.0001991854360257822
29.076,-0.00012816055428731886,0.00019918542615932712
29.086,-0.00011754638596919106,0.00019918541638964303
29.096,-0.00010668745030380735,0.0001991854067157808
29.106,-9.562155200329504e-05,0.00019918539713680058
29.116,-8.438719817963742e-05,0.00019918538765177176
29.126,-7.30234006995117e-05,0.0001991853782597729
29.136,-6.156948366471369e-05,0.0001991853689598915
29.146,-5.006488246452948e-05,0.00019918535975122412
29.156,-3.854895827632933e-05,0.00019918535063287608
29.166,-2.7060789669446147e-05,0.00019918534160396153
29.176,-1.5638974159641332e-05,0.00019918533266360329
29.186,-4.3214916676483415e-06,0.00019918532381093282
29.196,6.854548301861043e-06,0.00019918531504509008
29.206,1.7853080791328034e-05,0.00019918530636522342
29.216,2.8639212498303633e-05,0.00019918529777048958
29.226,3.917944331443291e-05,0.0001991852892600536
29.236,4.944178221281002e-05,0.00019918528083308866
29.246,5.939592801115789e-05,0.00019918527248877606
29.256,6.901340172109909e-05,0.00019918526422630517
29.266,7.826763189602148e-05,0.00019918525604487326
29.276,8.713416193699438e-05,0.0001991852479436855
29.286,9.559066562781529e-05,0.00019918523992195483
29.296,0.00010361703783216724,0.00019918523197890196
29.306,0.00011119555714831419,0.0001991852241137552
29.316,0.00011831082428453011,0.00019918521632575042
29.326,0.00012494986839953705,0.000199185208614131
29.336,0.00013110220061512498,0.0001991852009781478
29.346,0.00013675971731839993,0.00019918519341705892
29.356,0.00014191680823333986,0.00019918518593012985
29.366,0.00014657026047413478,0.00019918517851663314
29.376,0.00015071919842945573,0.00019918517117584864
29.386,0.00015436513614750668,0.00019918516390706313
29.396,0.00015751175780117456,0.00019918515670957045
29.406,0.0001601648855311755,0.0001991851495826714
29.416,0.00016233240503163145,0.0001991851425256735
29.426,0.00016402408740766536,0.00019918513553789124
29.436,0.0001652515339458033,0.0001991851286186457
29.446,0.00016602795886452425,0.00019918512176726467
29.456,0.00016636804091974116,0.00019918511498308257
29.466,0.00016628783034104008,0.00019918510826544026
29.476,0.00016580450093722201,0.00019918510161368513
29.486,0.00016493623855669672,0.00019918509502717094
29.496,0.00016370206160374844,0.0001991850885052578
29.506,0.00016212160932049514,0.00019918508204731217
29.516,0.00016021505910611487,0.00019918507565270654
29.526,0.00015800285045853055,0.00019918506932081975
29.536,0.0001555055990189703,0.0001991850630510366
29.546,0.000152743978291391,0.000199185056842748
29.556,0.00014973845875536273,0.0001991850506953508
29.566,0.00014650930802555042,0.00019918504460824776
29.576,0.00014307638607407016,0.00019918503858084753
29.586,0.00013945905365399009,0.0001991850326125645
29.596,0.00013567614773727702,0.0001991850267028189
29.606,0.000131745781753583,0.00019918502085103655
29.616,0.00012768537599871594,0.00019918501505664896
29.626,0.00012351155931611987,0.0001991850093190932
29.636,0.00011924011328981782,0.00019918500363781184
29.646,0.00011488600352802977,0.00019918499801225295
29.656,0.00011046327592386172,0.00019918499244187
29.666,0.00010598514118864167,0.0001991849869261218
29.676,0.00010146392481428962,0.00019918498146447253
29.686,9.691100835613873e-05,0.00019918497605639156
29.696,9.233697155040685e-05,0.00019918497070135345
29.706,8.7751536550987e-05,0.00019918496539883803
29.716,8.316358863117012e-05,0.00019918496014833007
29.726,7.858123415433325e-05,0.00019918495494931955
29.736,7.401176075661335e-05,0.00019918494980130134
29.746,6.946174455207408e-05,0.00019918494470377529
29.756,6.493701917653912e-05,0.00019918493965624621
29.766,6.044269792296454e-05,0.00019918493465822368
29.776,5.5983241679090866e-05,0.0001991849297092222
29.786,5.156239614851268e-05,0.00019918492480876089
29.796,4.718327740924607e-05,0.0001991849199563637
29.806,4.284835604593669e-05,0.00019918491515155922
29.816,3.855943832691751e-05,0.00019918491039388065
29.826,3.431775736093871e-05,0.0001991849056828658
29.836,3.0123908056648323e-05,0.00019918490101805694
29.846,2.5977868302288935e-05,0.0001991848963990009
29.856,2.187907060582535e-05,0.00019918489182524894
29.866,1.7826328612266062e-05,0.00019918488729635673
29.876,1.381793403735536e-05,0.00019918488281188423
29.886,9.851671392356937e-06,0.0001991848783713958
29.896,5.924795690750812e-06,0.00019918487397446006
29.906,2.0341574288979863e-06,0.00019918486962064983
29.916,-1.8238064526479467e-06,0.0001991848653095421
29.926,-5.653028770183171e-06,0.00019918486104071806
29.936,-9.4577001406395e-06,0.00019918485681376302
29.946,-1.3242216016376329e-05,0.00019918485262826629
29.956,-1.7011112641911657e-05,0.00019918484848382122
29.966,-2.0768944896536925e-05,0.00019918484438002522
29.976,-2.4520222393563843e-05,0.0001991848403164796
29.986,-2.8269305068785605e-05,0.00019918483629278953
29.996,-3.2020267702218244e-05,0.00019918483230856417
